sym,date,post,res,home,pwin,derby,abn_ret
AJAX.AS,2021-08-22,2021-08-23,D,0,0.746,0,-0.00753
AJAX.AS,2021-08-29,2021-08-30,W,1,0.77,0,-0.00677
AJAX.AS,2021-09-11,2021-09-13,W,0,0.805,0,0.0068
AJAX.AS,2021-09-18,2021-09-20,W,1,0.846,0,-0.00497
AJAX.AS,2021-09-21,2021-09-22,W,0,0.823,0,0.00295
AJAX.AS,2021-09-25,2021-09-27,W,1,0.861,0,0.00394
AJAX.AS,2021-10-03,2021-10-04,L,1,0.82,0,-0.01487
AJAX.AS,2021-10-16,2021-10-18,W,0,0.753,0,-0.01238
AJAX.AS,2021-10-24,2021-10-25,W,1,0.669,0,0.00363
AJAX.AS,2021-10-30,2021-11-01,D,0,0.773,0,0.00695
AJAX.AS,2021-11-07,2021-11-08,D,1,0.886,0,0.00389
AJAX.AS,2021-11-21,2021-11-22,W,0,0.804,0,0.00782
AJAX.AS,2021-11-28,2021-11-29,W,0,0.804,0,-0.0105
AJAX.AS,2021-12-02,2021-12-03,W,1,0.877,0,0.00804
AJAX.AS,2021-12-12,2021-12-13,L,1,0.778,0,-0.00572
AJAX.AS,2021-12-19,2021-12-20,W,0,0.536,0,-0.03941
AJAX.AS,2021-12-22,2021-12-23,W,1,0.9,0,-0.00092
AJAX.AS,2022-01-16,2022-01-17,W,0,0.659,0,0.0006
AJAX.AS,2022-01-23,2022-01-24,W,0,0.49,0,-0.01036
AJAX.AS,2022-02-06,2022-02-07,W,1,0.876,0,-0.01484
AJAX.AS,2022-02-13,2022-02-14,W,1,0.84,0,0.00205
AJAX.AS,2022-02-19,2022-02-21,W,0,0.869,0,-0.00125
AJAX.AS,2022-02-27,2022-02-28,L,0,0.818,0,-0.01111
AJAX.AS,2022-03-06,2022-03-07,W,1,0.89,0,-0.01859
AJAX.AS,2022-03-11,2022-03-14,W,0,0.839,0,0.03399
AJAX.AS,2022-03-20,2022-03-21,W,1,0.669,0,6e-05
AJAX.AS,2022-04-02,2022-04-04,W,0,0.757,0,-0.00096
AJAX.AS,2022-04-09,2022-04-11,W,1,0.876,0,-0.01011
AJAX.AS,2022-04-23,2022-04-25,W,0,0.791,0,-0.01741
AJAX.AS,2022-04-30,2022-05-02,W,1,0.855,0,-0.00906
AJAX.AS,2022-05-08,2022-05-09,D,0,0.558,0,-0.00927
AJAX.AS,2022-05-11,2022-05-12,W,1,0.831,0,-0.01435
AJAX.AS,2022-05-15,2022-05-16,D,0,0.654,0,0.0084
AJAX.AS,2022-08-06,2022-08-08,W,0,0.783,0,-0.00428
AJAX.AS,2022-08-14,2022-08-15,W,1,0.816,0,0.00792
AJAX.AS,2022-08-21,2022-08-22,W,0,0.762,0,0.0422
AJAX.AS,2022-08-28,2022-08-29,W,0,0.676,0,-0.00927
AJAX.AS,2022-09-03,2022-09-05,W,1,0.871,0,-0.01374
AJAX.AS,2022-09-10,2022-09-12,W,1,0.803,0,0.0025
AJAX.AS,2022-09-18,2022-09-19,L,0,0.573,0,0.00025
AJAX.AS,2022-10-01,2022-10-03,D,1,0.876,0,-0.03378
AJAX.AS,2022-10-08,2022-10-10,W,0,0.808,0,-0.01963
AJAX.AS,2022-10-16,2022-10-17,W,1,0.895,0,0.0118
AJAX.AS,2022-10-22,2022-10-24,W,0,0.754,0,-0.01677
AJAX.AS,2022-11-06,2022-11-07,L,1,0.543,0,-0.00455
AJAX.AS,2022-11-09,2022-11-10,D,1,0.843,0,0.00141
AJAX.AS,2022-11-12,2022-11-14,D,0,0.728,0,-0.013
AJAX.AS,2023-01-08,2023-01-09,D,0,0.696,0,-0.01494
AJAX.AS,2023-01-14,2023-01-16,D,1,0.694,0,-0.01789
AJAX.AS,2023-01-22,2023-01-23,D,0,0.37,0,0.00853
AJAX.AS,2023-01-26,2023-01-27,D,1,0.844,0,0.04156
AJAX.AS,2023-01-29,2023-01-30,W,0,0.756,0,0.01886
AJAX.AS,2023-02-05,2023-02-06,W,0,0.742,0,0.04622
AJAX.AS,2023-02-12,2023-02-13,W,1,0.827,0,0.0077
AJAX.AS,2023-02-19,2023-02-20,W,1,0.784,0,0.02228
AJAX.AS,2023-02-26,2023-02-27,W,0,0.63,0,0.01191
AJAX.AS,2023-03-05,2023-03-06,W,1,0.77,0,0.02198
AJAX.AS,2023-03-12,2023-03-13,W,0,0.662,0,0.01126
AJAX.AS,2023-03-19,2023-03-20,L,1,0.546,0,-0.0444
AJAX.AS,2023-04-02,2023-04-03,D,0,0.693,0,5e-05
AJAX.AS,2023-04-09,2023-04-11,W,1,0.842,0,0.032
AJAX.AS,2023-04-16,2023-04-17,W,1,0.843,0,-0.00819
AJAX.AS,2023-04-23,2023-04-24,L,0,0.328,0,-0.00425
AJAX.AS,2023-05-06,2023-05-08,D,1,0.607,0,5e-05
AJAX.AS,2023-05-14,2023-05-15,W,0,0.78,0,0.01356
AJAX.AS,2023-05-21,2023-05-22,W,1,0.744,0,0.00482
AJAX.AS,2023-05-28,2023-05-29,L,0,0.539,0,0.00527
AJAX.AS,2023-08-12,2023-08-14,W,1,0.791,0,0.01422
AJAX.AS,2023-08-19,2023-08-21,D,0,0.759,0,0.00052
AJAX.AS,2023-09-03,2023-09-04,D,0,0.68,0,-0.00467
AJAX.AS,2023-09-17,2023-09-18,L,0,0.365,0,-0.04365
AJAX.AS,2023-09-27,2023-09-28,L,1,0.342,0,-0.00513
AJAX.AS,2023-10-08,2023-10-09,L,1,0.422,0,-0.02361
AJAX.AS,2023-10-22,2023-10-23,L,0,0.499,0,0.00933
AJAX.AS,2023-10-29,2023-10-30,L,0,0.105,0,0.00036
AJAX.AS,2023-11-02,2023-11-03,W,1,0.739,0,-0.00425
AJAX.AS,2023-11-05,2023-11-06,W,1,0.639,0,0.00503
AJAX.AS,2023-11-12,2023-11-13,D,0,0.614,0,-0.00058
AJAX.AS,2023-11-25,2023-11-27,W,1,0.728,0,-0.00875
AJAX.AS,2023-12-03,2023-12-04,W,0,0.56,0,-0.00418
AJAX.AS,2023-12-06,2023-12-07,W,0,0.586,0,0.00031
AJAX.AS,2023-12-09,2023-12-11,W,1,0.675,0,0.00442
AJAX.AS,2023-12-17,2023-12-18,D,1,0.735,0,-0.01805
AJAX.AS,2024-01-14,2024-01-15,W,0,0.511,0,0.0454
AJAX.AS,2024-01-21,2024-01-22,W,1,0.759,0,0.00432
AJAX.AS,2024-01-27,2024-01-29,W,0,0.653,0,0.00969
AJAX.AS,2024-02-03,2024-02-05,D,1,0.289,0,0.00013
AJAX.AS,2024-02-11,2024-02-12,L,0,0.55,0,-0.03367
AJAX.AS,2024-02-18,2024-02-19,D,1,0.672,0,0.00059
AJAX.AS,2024-02-25,2024-02-26,L,0,0.272,0,0.00057
AJAX.AS,2024-03-03,2024-03-04,W,1,0.526,0,-0.00965
AJAX.AS,2024-03-10,2024-03-11,D,1,0.656,0,-0.0085
AJAX.AS,2024-03-17,2024-03-18,D,0,0.461,0,0.00011
AJAX.AS,2024-03-31,2024-04-02,W,0,0.561,0,0.01508
AJAX.AS,2024-04-04,2024-04-05,D,1,0.634,0,0.00557
AJAX.AS,2024-04-07,2024-04-08,L,0,0.127,0,-0.00013
AJAX.AS,2024-04-14,2024-04-15,W,1,0.342,0,-0.00452
AJAX.AS,2024-04-24,2024-04-25,D,1,0.733,0,0.01538
AJAX.AS,2024-05-05,2024-05-06,W,0,0.706,0,-7e-05
AJAX.AS,2024-05-12,2024-05-13,W,1,0.756,0,-0.00459
AJAX.AS,2024-05-19,2024-05-20,D,0,0.598,0,0.00982
AJAX.AS,2024-08-11,2024-08-12,W,1,0.647,0,-0.01952
AJAX.AS,2024-08-18,2024-08-19,L,0,0.741,0,-0.00976
AJAX.AS,2024-09-18,2024-09-19,W,1,0.669,0,-0.00626
AJAX.AS,2024-09-21,2024-09-23,D,0,0.539,0,-0.0101
AJAX.AS,2024-09-29,2024-09-30,W,0,0.689,0,0.00605
AJAX.AS,2024-10-06,2024-10-07,W,1,0.7,0,-0.00469
AJAX.AS,2024-10-20,2024-10-21,W,0,0.657,0,0.01493
AJAX.AS,2024-10-27,2024-10-28,W,1,0.74,0,-0.00745
AJAX.AS,2024-10-30,2024-10-31,W,0,0.243,0,0.00717
AJAX.AS,2024-11-02,2024-11-04,W,1,0.328,0,0.00575
AJAX.AS,2024-11-10,2024-11-11,D,0,0.351,0,-0.01482
AJAX.AS,2024-11-24,2024-11-25,W,1,0.809,0,0.00038
AJAX.AS,2024-12-01,2024-12-02,W,0,0.55,0,-0.00529
AJAX.AS,2024-12-04,2024-12-05,D,1,0.649,0,-0.00494
AJAX.AS,2024-12-08,2024-12-09,L,0,0.431,0,0.02021
AJAX.AS,2024-12-15,2024-12-16,W,1,0.831,0,-0.00144
AJAX.AS,2024-12-22,2024-12-23,W,0,0.569,0,-0.00133
AJAX.AS,2025-01-11,2025-01-13,W,1,0.842,0,0.00905
AJAX.AS,2025-01-19,2025-01-20,W,0,0.599,0,-1e-05
AJAX.AS,2025-02-02,2025-02-03,W,1,0.427,0,0.00092
AJAX.AS,2025-02-09,2025-02-10,W,0,0.632,0,0.00656
AJAX.AS,2025-02-16,2025-02-17,W,1,0.778,0,-0.00481
AJAX.AS,2025-02-23,2025-02-24,W,1,0.601,0,0.00066
AJAX.AS,2025-03-02,2025-03-03,W,0,0.675,0,-0.00055
AJAX.AS,2025-03-09,2025-03-10,W,0,0.596,0,-0.01062
AJAX.AS,2025-03-16,2025-03-17,D,1,0.536,0,-0.00055
AJAX.AS,2025-03-30,2025-03-31,W,0,0.207,0,0.00728
AJAX.AS,2025-04-06,2025-04-07,W,1,0.755,0,0.0069
AJAX.AS,2025-04-13,2025-04-14,W,0,0.688,0,0.00409
AJAX.AS,2025-04-20,2025-04-22,L,0,0.47,0,-0.00828
AJAX.AS,2025-04-27,2025-04-28,D,1,0.633,0,0.00236
AJAX.AS,2025-05-11,2025-05-12,L,1,0.724,0,-0.0034
AJAX.AS,2025-05-14,2025-05-15,D,0,0.575,0,-0.00565
AJAX.AS,2025-05-18,2025-05-19,W,1,0.654,0,-0.00359
AJAX.AS,2025-08-10,2025-08-11,W,1,0.816,0,0.00422
AJAX.AS,2025-08-17,2025-08-18,D,0,0.526,0,-0.00603
AJAX.AS,2025-08-24,2025-08-25,W,1,0.794,0,0.00052
AJAX.AS,2025-08-30,2025-09-01,D,0,0.694,0,0.00456
AJAX.AS,2025-09-13,2025-09-15,W,1,0.756,0,-0.00899
AJAX.AS,2025-09-21,2025-09-22,D,0,0.212,0,-0.01005
AJAX.AS,2025-09-27,2025-09-29,W,1,0.743,0,-0.00626
AJAX.AS,2025-10-04,2025-10-06,D,0,0.539,0,-0.00021
AJAX.AS,2025-10-18,2025-10-20,L,1,0.476,0,0.00364
AJAX.AS,2025-10-26,2025-10-27,W,0,0.319,0,4e-05
AJAX.AS,2025-11-01,2025-11-03,D,1,0.601,0,-0.00182
AJAX.AS,2025-11-09,2025-11-10,L,0,0.389,0,0.01014
AJAX.AS,2025-11-22,2025-11-24,L,1,0.691,0,-0.01259
AJAX.AS,2025-12-02,2025-12-03,W,1,0.561,0,0.02473
AJAX.AS,2025-12-06,2025-12-08,W,0,0.54,0,-0.00386
AJAX.AS,2025-12-14,2025-12-15,W,1,0.316,0,0.00195
AJAX.AS,2025-12-20,2025-12-22,D,0,0.357,0,0.00053
AJAX.AS,2026-01-11,2026-01-12,W,0,0.513,0,0.00433
AJAX.AS,2026-01-17,2026-01-19,D,1,0.639,0,0.00199
AJAX.AS,2026-01-24,2026-01-26,W,1,0.734,0,0.00727
AJAX.AS,2026-02-01,2026-02-02,D,0,0.536,0,-0.04059
AJAX.AS,2026-02-08,2026-02-09,D,0,0.317,0,-0.01527
AJAX.AS,2026-02-14,2026-02-16,W,1,0.693,0,0.00263
AJAX.AS,2026-02-21,2026-02-23,D,1,0.543,0,-0.00175
AJAX.AS,2026-03-01,2026-03-02,D,0,0.542,0,0.00135
AJAX.AS,2026-03-07,2026-03-09,L,0,0.391,0,-0.01359
AJAX.AS,2026-03-14,2026-03-16,W,1,0.581,0,-0.00723
AJAX.AS,2026-03-22,2026-03-23,D,0,0.288,0,-0.00718
AJAX.AS,2026-04-04,2026-04-07,L,1,0.415,0,-0.00628
AJAX.AS,2026-04-11,2026-04-13,W,0,0.602,0,-0.01164
AJAX.AS,2026-04-25,2026-04-27,W,0,0.462,0,-0.01888
AJAX.AS,2026-05-02,2026-05-04,D,1,0.387,0,-0.00114
AJAX.AS,2026-05-10,2026-05-11,L,1,0.569,0,-0.00657
AJAX.AS,2026-05-17,2026-05-18,D,0,0.448,0,0.00457
AJAX.AS,2026-08-09,2026-08-10,W,0,0.632,0,-0.0065
AJAX.AS,2026-08-16,2026-08-17,D,1,0.655,0,0.00059
BJKAS.IS,2021-08-21,2021-08-23,D,0,0.525,0,-0.02731
BJKAS.IS,2021-08-28,2021-08-31,W,1,0.608,0,-0.03031
BJKAS.IS,2021-09-11,2021-09-13,W,1,0.691,0,0.09956
BJKAS.IS,2021-09-18,2021-09-20,W,0,0.558,0,0.06536
BJKAS.IS,2021-09-21,2021-09-22,D,1,0.662,0,-0.08022
BJKAS.IS,2021-09-24,2021-09-27,L,0,0.376,0,-0.05413
BJKAS.IS,2021-10-02,2021-10-04,W,1,0.505,0,-0.02018
BJKAS.IS,2021-10-15,2021-10-18,L,0,0.419,0,-0.04247
BJKAS.IS,2021-10-25,2021-10-26,W,1,0.413,1,0.04183
BJKAS.IS,2021-10-30,2021-11-01,L,0,0.404,0,-0.00762
BJKAS.IS,2021-11-06,2021-11-08,L,1,0.39,1,-0.06879
BJKAS.IS,2021-11-20,2021-11-22,L,0,0.406,0,-0.04339
BJKAS.IS,2021-11-27,2021-11-29,L,1,0.63,0,-0.07859
BJKAS.IS,2021-12-03,2021-12-06,D,0,0.481,0,-0.04304
BJKAS.IS,2021-12-12,2021-12-13,W,1,0.63,0,-0.02424
BJKAS.IS,2021-12-19,2021-12-20,D,0,0.304,1,-0.03202
BJKAS.IS,2021-12-23,2021-12-24,W,1,0.576,0,-0.03594
BJKAS.IS,2021-12-27,2021-12-28,L,0,0.376,0,-0.05572
BJKAS.IS,2022-01-09,2022-01-10,D,0,0.409,0,-0.01674
BJKAS.IS,2022-01-14,2022-01-17,W,1,0.568,0,0.01177
BJKAS.IS,2022-01-18,2022-01-19,W,0,0.442,0,0.00325
BJKAS.IS,2022-01-22,2022-01-24,D,0,0.542,0,-0.05005
BJKAS.IS,2022-02-06,2022-02-07,D,1,0.552,0,-0.03454
BJKAS.IS,2022-02-14,2022-02-15,D,0,0.326,0,-0.00909
BJKAS.IS,2022-02-19,2022-02-21,W,1,0.641,0,-0.04256
BJKAS.IS,2022-02-26,2022-02-28,W,0,0.341,0,0.01128
BJKAS.IS,2022-03-07,2022-03-08,D,1,0.437,0,-0.02119
BJKAS.IS,2022-03-14,2022-03-15,L,0,0.338,1,0.02316
BJKAS.IS,2022-03-19,2022-03-21,D,1,0.55,0,-0.01572
BJKAS.IS,2022-04-03,2022-04-04,D,0,0.276,1,0.01986
BJKAS.IS,2022-04-09,2022-04-11,W,1,0.513,0,0.06276
BJKAS.IS,2022-04-17,2022-04-18,D,0,0.397,0,-0.04075
BJKAS.IS,2022-04-25,2022-04-26,L,1,0.538,0,-0.03485
BJKAS.IS,2022-05-01,2022-05-05,W,0,0.495,0,-0.01218
BJKAS.IS,2022-05-08,2022-05-09,D,1,0.369,1,-0.02842
BJKAS.IS,2022-05-15,2022-05-16,W,0,0.568,0,0.07319
BJKAS.IS,2022-05-21,2022-05-23,D,1,0.492,0,0.01277
BJKAS.IS,2022-08-06,2022-08-08,W,1,0.613,0,0.02773
BJKAS.IS,2022-08-14,2022-08-15,D,0,0.389,0,0.10074
BJKAS.IS,2022-08-21,2022-08-22,W,1,0.592,0,0.0921
BJKAS.IS,2022-08-29,2022-08-31,W,1,0.614,0,0.09903
BJKAS.IS,2022-09-04,2022-09-05,W,0,0.509,0,-0.07254
BJKAS.IS,2022-09-12,2022-09-13,L,1,0.489,0,-0.06656
BJKAS.IS,2022-09-17,2022-09-19,D,0,0.609,0,-0.05877
BJKAS.IS,2022-10-02,2022-10-03,D,1,0.406,1,-0.04966
BJKAS.IS,2022-10-08,2022-10-10,W,0,0.513,0,-0.00714
BJKAS.IS,2022-10-16,2022-10-17,D,1,0.46,1,-0.05947
BJKAS.IS,2022-10-24,2022-10-25,L,0,0.554,0,-0.02064
BJKAS.IS,2022-10-30,2022-10-31,W,1,0.693,0,-0.05608
BJKAS.IS,2022-11-05,2022-11-07,L,0,0.27,1,-0.05294
BJKAS.IS,2022-12-25,2022-12-26,D,0,0.514,0,-0.01842
BJKAS.IS,2022-12-29,2022-12-30,W,1,0.53,0,0.00766
BJKAS.IS,2023-01-07,2023-01-09,W,1,0.598,0,0.02823
BJKAS.IS,2023-01-14,2023-01-16,W,0,0.385,0,0.01133
BJKAS.IS,2023-01-22,2023-01-23,W,0,0.453,0,0.10896
BJKAS.IS,2023-01-27,2023-01-30,W,1,0.579,0,0.05059
BJKAS.IS,2023-01-31,2023-02-01,D,0,0.509,0,-0.04544
BJKAS.IS,2023-02-04,2023-02-06,L,0,0.453,0,-0.05716
BJKAS.IS,2023-02-26,2023-02-27,D,1,0.567,0,-0.01669
BJKAS.IS,2023-03-05,2023-03-06,W,1,0.614,0,0.00257
BJKAS.IS,2023-03-12,2023-03-13,W,0,0.377,0,-0.00263
BJKAS.IS,2023-03-18,2023-03-20,W,1,0.745,0,0.04093
BJKAS.IS,2023-04-02,2023-04-03,W,0,0.231,1,0.03238
BJKAS.IS,2023-04-09,2023-04-10,W,1,0.662,0,-0.01961
BJKAS.IS,2023-04-16,2023-04-17,D,0,0.391,1,-0.01414
BJKAS.IS,2023-04-19,2023-04-20,W,1,,0,0.03042
BJKAS.IS,2023-04-22,2023-04-24,W,0,0.548,0,0.09862
BJKAS.IS,2023-04-30,2023-05-02,W,1,0.35,1,0.02963
BJKAS.IS,2023-05-06,2023-05-08,W,0,0.466,0,-0.0476
BJKAS.IS,2023-05-17,2023-05-18,W,1,,0,0.01971
BJKAS.IS,2023-05-21,2023-05-22,W,0,,0,0.06689
BJKAS.IS,2023-06-03,2023-06-05,W,0,0.554,0,-0.00099
BJKAS.IS,2023-06-07,2023-06-08,D,1,0.687,0,0.01028
BJKAS.IS,2023-08-14,2023-08-15,W,0,0.558,0,0.00691
BJKAS.IS,2023-08-20,2023-08-21,D,1,0.739,0,-0.00518
BJKAS.IS,2023-09-03,2023-09-04,W,1,0.632,0,0.03769
BJKAS.IS,2023-09-17,2023-09-18,L,0,0.43,1,0.02194
BJKAS.IS,2023-09-24,2023-09-25,W,1,0.691,0,-0.01611
BJKAS.IS,2023-09-27,2023-09-28,L,0,0.461,0,-0.02667
BJKAS.IS,2023-10-01,2023-10-02,W,0,0.46,0,0.02755
BJKAS.IS,2023-10-08,2023-10-09,W,1,0.759,0,0.0104
BJKAS.IS,2023-10-21,2023-10-23,L,0,0.194,1,-0.03007
BJKAS.IS,2023-10-30,2023-10-31,W,1,0.668,0,0.02119
BJKAS.IS,2023-11-05,2023-11-06,L,0,0.434,0,-0.03104
BJKAS.IS,2023-11-12,2023-11-13,W,1,0.526,0,-0.00696
BJKAS.IS,2023-11-26,2023-11-27,W,0,0.438,0,-0.01504
BJKAS.IS,2023-12-03,2023-12-04,D,0,0.457,0,-0.0225
BJKAS.IS,2023-12-09,2023-12-11,L,1,0.234,1,0.01025
BJKAS.IS,2023-12-21,2023-12-22,L,1,0.623,0,-0.02021
BJKAS.IS,2023-12-25,2023-12-26,W,0,0.457,0,-0.03778
BJKAS.IS,2024-01-05,2024-01-08,L,1,0.593,0,-0.00465
BJKAS.IS,2024-01-09,2024-01-10,W,0,0.331,0,0.00061
BJKAS.IS,2024-01-13,2024-01-15,W,1,0.565,0,-0.00977
BJKAS.IS,2024-01-20,2024-01-22,L,0,0.487,0,0.00508
BJKAS.IS,2024-01-23,2024-01-24,D,1,0.527,0,0.03928
BJKAS.IS,2024-01-28,2024-01-29,L,0,0.487,0,-0.03523
BJKAS.IS,2024-02-04,2024-02-05,W,1,0.48,1,0.01018
BJKAS.IS,2024-02-12,2024-02-13,D,0,0.485,0,0.02702
BJKAS.IS,2024-02-19,2024-02-20,W,1,0.607,0,-0.01665
BJKAS.IS,2024-02-25,2024-02-26,W,0,0.614,0,0.00593
BJKAS.IS,2024-03-03,2024-03-04,L,1,0.252,1,-0.00337
BJKAS.IS,2024-03-11,2024-03-12,L,0,0.485,0,0.02165
BJKAS.IS,2024-03-16,2024-03-18,L,1,0.5,0,-0.0167
BJKAS.IS,2024-04-04,2024-04-05,D,0,0.339,0,0.07178
BJKAS.IS,2024-04-13,2024-04-15,D,1,0.545,0,0.06066
BJKAS.IS,2024-04-19,2024-04-22,W,1,0.526,0,-0.09639
BJKAS.IS,2024-04-27,2024-04-29,L,0,0.156,1,-0.10807
BJKAS.IS,2024-05-03,2024-05-06,W,1,0.529,0,-0.09847
BJKAS.IS,2024-05-12,2024-05-13,D,0,0.362,0,-0.09081
BJKAS.IS,2024-05-18,2024-05-20,D,1,0.622,0,0.09572
BJKAS.IS,2024-05-26,2024-05-27,L,0,,0,0.01067
BJKAS.IS,2024-08-11,2024-08-12,W,0,0.497,0,-0.02705
BJKAS.IS,2024-08-18,2024-08-19,W,1,0.622,0,0.01704
BJKAS.IS,2024-09-01,2024-09-02,W,1,0.65,0,-0.04675
BJKAS.IS,2024-09-15,2024-09-16,D,0,0.447,1,-0.03486
BJKAS.IS,2024-09-22,2024-09-23,W,1,0.648,0,-0.01638
BJKAS.IS,2024-09-30,2024-10-01,W,0,0.578,0,0.06353
BJKAS.IS,2024-10-06,2024-10-07,D,0,0.564,0,-0.04448
BJKAS.IS,2024-10-20,2024-10-21,W,1,0.669,0,-0.02687
BJKAS.IS,2024-10-28,2024-10-30,L,0,0.251,1,-0.01749
BJKAS.IS,2024-11-02,2024-11-04,L,1,0.601,0,-0.04758
BJKAS.IS,2024-11-10,2024-11-11,D,0,0.398,0,-0.03112
BJKAS.IS,2024-11-24,2024-11-25,L,1,0.633,0,-0.01961
BJKAS.IS,2024-12-02,2024-12-03,D,0,0.512,0,0.0057
BJKAS.IS,2024-12-07,2024-12-09,W,1,0.252,1,-0.00656
BJKAS.IS,2024-12-16,2024-12-17,L,0,0.688,0,-0.02373
BJKAS.IS,2024-12-21,2024-12-23,D,1,0.559,0,-0.05924
BJKAS.IS,2025-01-03,2025-01-06,D,0,0.366,0,-0.04246
BJKAS.IS,2025-01-11,2025-01-13,W,1,0.616,0,-0.0363
BJKAS.IS,2025-01-18,2025-01-20,D,1,0.44,0,-0.01043
BJKAS.IS,2025-01-26,2025-01-27,D,0,0.508,0,0.00206
BJKAS.IS,2025-02-08,2025-02-10,W,0,0.48,0,0.01261
BJKAS.IS,2025-02-15,2025-02-17,W,1,0.528,1,0.00496
BJKAS.IS,2025-02-21,2025-02-24,W,0,0.428,0,0.01112
BJKAS.IS,2025-03-01,2025-03-03,W,1,0.626,0,-0.01336
BJKAS.IS,2025-03-10,2025-03-11,L,1,0.626,0,-0.02673
BJKAS.IS,2025-03-15,2025-03-17,L,0,0.417,0,-0.02036
BJKAS.IS,2025-03-29,2025-04-02,W,1,0.297,1,0.05547
BJKAS.IS,2025-04-07,2025-04-08,D,0,0.436,0,0.02957
BJKAS.IS,2025-04-12,2025-04-14,L,1,0.496,0,-0.02698
BJKAS.IS,2025-04-19,2025-04-21,D,0,0.359,0,-0.01916
BJKAS.IS,2025-04-25,2025-04-28,W,1,0.75,0,-0.03112
BJKAS.IS,2025-05-04,2025-05-05,W,0,0.174,1,-0.02092
BJKAS.IS,2025-05-11,2025-05-12,W,1,0.857,0,-0.00438
BJKAS.IS,2025-05-18,2025-05-20,D,0,0.476,0,-0.02622
BJKAS.IS,2025-05-25,2025-05-26,L,1,0.634,0,-0.02017
BJKAS.IS,2025-06-01,2025-06-02,W,0,0.531,0,-0.0275
BJKAS.IS,2025-08-17,2025-08-18,W,1,0.645,0,0.01212
BJKAS.IS,2025-08-31,2025-09-01,L,0,0.456,0,-0.01217
BJKAS.IS,2025-09-13,2025-09-15,W,1,0.563,0,0.01701
BJKAS.IS,2025-09-19,2025-09-22,L,0,0.3,0,-0.02088
BJKAS.IS,2025-09-24,2025-09-25,W,0,0.531,0,-0.02252
BJKAS.IS,2025-09-29,2025-09-30,W,1,0.674,0,-0.00713
BJKAS.IS,2025-10-04,2025-10-06,D,0,0.207,1,-0.01747
BJKAS.IS,2025-10-18,2025-10-20,L,1,0.75,0,-0.02945
BJKAS.IS,2025-10-22,2025-10-23,W,0,0.431,0,0.00292
BJKAS.IS,2025-10-26,2025-10-27,D,0,0.542,0,-0.03488
BJKAS.IS,2025-11-02,2025-11-03,L,1,0.364,1,-0.00373
BJKAS.IS,2025-11-08,2025-11-10,W,0,0.594,0,-0.00864
BJKAS.IS,2025-11-23,2025-11-24,D,1,0.501,0,-0.01399
BJKAS.IS,2025-11-30,2025-12-01,W,0,0.557,0,0.02481
BJKAS.IS,2025-12-08,2025-12-09,D,1,0.637,0,-0.02433
BJKAS.IS,2025-12-14,2025-12-15,D,0,0.359,1,-0.02329
BJKAS.IS,2025-12-20,2025-12-22,W,1,0.573,0,-0.05027
BJKAS.IS,2026-01-19,2026-01-20,W,1,0.677,0,-0.01417
BJKAS.IS,2026-01-26,2026-01-27,D,0,0.664,0,-0.01495
BJKAS.IS,2026-01-31,2026-02-02,W,1,0.619,0,0.0027
BJKAS.IS,2026-02-08,2026-02-09,D,1,0.611,0,0.01374
BJKAS.IS,2026-02-15,2026-02-16,W,0,0.379,0,0.0253
BJKAS.IS,2026-02-22,2026-02-23,W,1,0.549,0,0.00216
BJKAS.IS,2026-02-28,2026-03-02,W,0,0.462,0,-0.01761
BJKAS.IS,2026-03-07,2026-03-09,L,1,0.376,1,-0.03508
BJKAS.IS,2026-03-15,2026-03-16,W,0,0.591,0,0.00616
BJKAS.IS,2026-03-19,2026-03-23,W,1,0.688,0,-0.01758
BJKAS.IS,2026-04-05,2026-04-06,L,0,0.266,1,-0.00666
BJKAS.IS,2026-04-10,2026-04-13,W,1,0.709,0,-0.01868
BJKAS.IS,2026-04-19,2026-04-20,L,0,0.475,0,0.05993
BJKAS.IS,2026-04-27,2026-04-28,D,1,0.709,0,-0.01828
BJKAS.IS,2026-05-01,2026-05-04,W,0,0.502,0,-0.03886
BJKAS.IS,2026-05-09,2026-05-11,L,1,0.451,1,0.07736
BJKAS.IS,2026-05-15,2026-05-18,D,0,0.477,0,-0.01136
BJKAS.IS,2026-08-16,2026-08-17,W,1,0.712,0,0.09994
BVB.DE,2021-08-21,2021-08-23,L,0,0.63,0,-0.03142
BVB.DE,2021-08-27,2021-08-30,W,1,0.68,0,0.0198
BVB.DE,2021-09-11,2021-09-13,W,0,0.443,0,0.01568
BVB.DE,2021-09-19,2021-09-20,W,1,0.7,0,0.00367
BVB.DE,2021-09-25,2021-09-27,L,0,0.553,0,-0.01597
BVB.DE,2021-10-02,2021-10-04,W,1,0.776,0,0.00279
BVB.DE,2021-10-16,2021-10-18,W,1,0.682,0,-0.00087
BVB.DE,2021-10-23,2021-10-25,W,0,0.632,0,-0.02231
BVB.DE,2021-10-30,2021-11-01,W,1,0.653,0,0.03193
BVB.DE,2021-11-06,2021-11-08,L,0,0.25,0,-0.01572
BVB.DE,2021-11-20,2021-11-22,W,1,0.71,0,-0.0074
BVB.DE,2021-11-27,2021-11-29,W,0,0.401,0,-0.00907
BVB.DE,2021-12-04,2021-12-06,L,1,0.238,0,0.02166
BVB.DE,2021-12-11,2021-12-13,D,0,0.632,0,-0.0025
BVB.DE,2021-12-15,2021-12-16,W,1,0.86,0,0.0028
BVB.DE,2021-12-18,2021-12-20,L,0,0.602,0,-0.01361
BVB.DE,2022-01-08,2022-01-10,W,0,0.486,0,0.01546
BVB.DE,2022-01-14,2022-01-17,W,1,0.65,0,0.00073
BVB.DE,2022-01-22,2022-01-24,W,0,0.449,0,-0.06794
BVB.DE,2022-02-06,2022-02-07,L,1,0.487,0,0.00554
BVB.DE,2022-02-13,2022-02-14,W,0,0.514,0,0.00113
BVB.DE,2022-02-20,2022-02-21,W,1,0.593,0,-0.00133
BVB.DE,2022-02-27,2022-02-28,D,0,0.59,0,0.00415
BVB.DE,2022-03-13,2022-03-14,W,1,0.746,0,0.01837
BVB.DE,2022-03-16,2022-03-17,W,0,0.513,0,0.00312
BVB.DE,2022-03-20,2022-03-21,D,0,0.475,0,-0.00521
BVB.DE,2022-04-02,2022-04-04,L,1,0.378,0,-0.00631
BVB.DE,2022-04-08,2022-04-11,W,0,0.526,0,0.01014
BVB.DE,2022-04-16,2022-04-19,W,1,0.617,0,-0.00354
BVB.DE,2022-04-23,2022-04-25,L,0,0.136,0,0.0081
BVB.DE,2022-04-30,2022-05-02,L,1,0.694,0,0.02173
BVB.DE,2022-05-07,2022-05-09,W,0,0.735,0,-0.04121
BVB.DE,2022-05-14,2022-05-16,W,1,0.631,0,-0.01189
BVB.DE,2022-08-06,2022-08-08,W,1,0.476,0,0.01398
BVB.DE,2022-08-12,2022-08-15,W,0,0.431,0,0.01684
BVB.DE,2022-08-20,2022-08-22,L,1,0.694,0,-0.11844
BVB.DE,2022-08-27,2022-08-29,W,0,0.571,0,-0.0074
BVB.DE,2022-09-02,2022-09-05,W,1,0.589,0,0.00085
BVB.DE,2022-09-10,2022-09-12,L,0,0.345,0,-0.02483
BVB.DE,2022-09-17,2022-09-19,W,1,0.693,0,0.00055
BVB.DE,2022-10-01,2022-10-03,L,0,0.46,0,-0.02223
BVB.DE,2022-10-08,2022-10-10,D,1,0.22,0,0.0354
BVB.DE,2022-10-16,2022-10-17,L,0,0.401,0,-0.04936
BVB.DE,2022-10-22,2022-10-24,W,1,0.625,0,0.00281
BVB.DE,2022-10-29,2022-10-31,W,0,0.398,0,-0.00471
BVB.DE,2022-11-05,2022-11-07,W,1,0.778,0,0.00875
BVB.DE,2022-11-08,2022-11-09,L,0,0.431,0,-0.03038
BVB.DE,2022-11-11,2022-11-14,L,0,0.453,0,-0.01815
BVB.DE,2023-01-22,2023-01-23,W,1,0.725,0,-0.00161
BVB.DE,2023-01-25,2023-01-26,W,0,0.411,0,-0.0105
BVB.DE,2023-01-29,2023-01-30,W,0,0.362,0,0.00803
BVB.DE,2023-02-04,2023-02-06,W,1,0.571,0,0.01031
BVB.DE,2023-02-11,2023-02-13,W,0,0.526,0,0.0137
BVB.DE,2023-02-19,2023-02-20,W,1,0.715,0,0.0261
BVB.DE,2023-02-25,2023-02-27,W,0,0.539,0,0.00733
BVB.DE,2023-03-03,2023-03-06,W,1,0.432,0,0.00925
BVB.DE,2023-03-11,2023-03-13,D,0,0.55,0,-0.00898
BVB.DE,2023-03-18,2023-03-20,W,1,0.654,0,0.01238
BVB.DE,2023-04-01,2023-04-03,L,0,0.158,0,-0.04716
BVB.DE,2023-04-08,2023-04-11,W,1,0.596,0,0.01483
BVB.DE,2023-04-15,2023-04-17,D,0,0.483,0,0.00017
BVB.DE,2023-04-22,2023-04-24,W,1,0.588,0,0.0589
BVB.DE,2023-04-28,2023-05-02,D,0,0.66,0,-0.03845
BVB.DE,2023-05-07,2023-05-08,W,1,0.656,0,0.03631
BVB.DE,2023-05-13,2023-05-15,W,1,0.759,0,-0.01383
BVB.DE,2023-05-21,2023-05-22,W,0,0.694,0,0.1635
BVB.DE,2023-05-27,2023-05-29,D,1,0.826,0,-0.26846
BVB.DE,2023-08-19,2023-08-21,W,1,0.676,0,-0.01331
BVB.DE,2023-08-26,2023-08-28,D,0,0.676,0,-0.02514
BVB.DE,2023-09-01,2023-09-04,D,1,0.763,0,-0.05863
BVB.DE,2023-09-16,2023-09-18,W,0,0.448,0,0.00782
BVB.DE,2023-09-23,2023-09-25,W,1,0.568,0,0.00229
BVB.DE,2023-09-29,2023-10-02,W,0,0.46,0,0.01958
BVB.DE,2023-10-07,2023-10-09,W,1,0.602,0,-0.00395
BVB.DE,2023-10-20,2023-10-23,W,1,0.735,0,0.01036
BVB.DE,2023-10-29,2023-10-30,D,0,0.442,0,-0.01547
BVB.DE,2023-11-04,2023-11-06,L,1,0.238,0,-0.01646
BVB.DE,2023-11-11,2023-11-13,L,0,0.373,0,-0.0428
BVB.DE,2023-11-25,2023-11-27,W,1,0.649,0,0.01299
BVB.DE,2023-12-03,2023-12-04,D,0,0.2,0,-0.01829
BVB.DE,2023-12-09,2023-12-11,L,1,0.365,0,-0.00774
BVB.DE,2023-12-16,2023-12-18,D,0,0.5,0,-0.00345
BVB.DE,2023-12-19,2023-12-20,D,1,0.617,0,-0.00706
BVB.DE,2024-01-13,2024-01-15,W,0,0.613,0,0.01499
BVB.DE,2024-01-20,2024-01-22,W,0,0.55,0,0.01837
BVB.DE,2024-01-28,2024-01-29,W,1,0.7,0,0.01203
BVB.DE,2024-02-02,2024-02-05,D,0,0.532,0,-0.01995
BVB.DE,2024-02-09,2024-02-12,W,1,0.654,0,0.01541
BVB.DE,2024-02-17,2024-02-19,D,0,0.453,0,-0.01462
BVB.DE,2024-02-25,2024-02-26,L,1,0.636,0,-0.0687
BVB.DE,2024-03-02,2024-03-04,W,0,0.46,0,-0.00305
BVB.DE,2024-03-09,2024-03-11,W,0,0.511,0,0.01197
BVB.DE,2024-03-17,2024-03-18,W,1,0.585,0,0.00647
BVB.DE,2024-03-30,2024-04-02,W,0,0.158,0,0.03825
BVB.DE,2024-04-06,2024-04-08,L,1,0.423,0,-0.0077
BVB.DE,2024-04-13,2024-04-15,W,0,0.473,0,0.00867
BVB.DE,2024-04-21,2024-04-22,D,1,0.374,0,-0.02268
BVB.DE,2024-04-27,2024-04-29,L,0,0.211,0,-0.00182
BVB.DE,2024-05-04,2024-05-06,W,1,0.515,0,0.01746
BVB.DE,2024-05-11,2024-05-13,L,0,0.306,0,-0.02843
BVB.DE,2024-05-18,2024-05-20,W,1,0.815,0,0.0031
BVB.DE,2024-08-24,2024-08-26,W,1,0.558,0,0.0292
BVB.DE,2024-08-31,2024-09-02,D,0,0.529,0,-0.02925
BVB.DE,2024-09-13,2024-09-16,W,1,0.68,0,0.03
BVB.DE,2024-09-22,2024-09-23,L,0,0.33,0,-0.03882
BVB.DE,2024-09-27,2024-09-30,W,1,0.759,0,0.0045
BVB.DE,2024-10-05,2024-10-07,L,0,0.441,0,-0.01925
BVB.DE,2024-10-18,2024-10-21,W,1,0.722,0,0.01032
BVB.DE,2024-10-26,2024-10-28,L,0,0.499,0,-0.01326
BVB.DE,2024-11-02,2024-11-04,W,1,0.432,0,0.01473
BVB.DE,2024-11-09,2024-11-11,L,0,0.47,0,-0.0343
BVB.DE,2024-11-23,2024-11-25,W,1,0.565,0,0.0085
BVB.DE,2024-11-30,2024-12-02,D,1,0.2,0,-0.01633
BVB.DE,2024-12-07,2024-12-09,D,0,0.451,0,-0.00256
BVB.DE,2024-12-15,2024-12-16,D,1,0.654,0,-0.01011
BVB.DE,2024-12-22,2024-12-23,W,0,0.431,0,0.0179
BVB.DE,2025-01-10,2025-01-13,L,1,0.351,0,-0.00934
BVB.DE,2025-01-14,2025-01-15,L,0,0.61,0,-0.0705
BVB.DE,2025-01-17,2025-01-20,L,0,0.362,0,0.01048
BVB.DE,2025-01-25,2025-01-27,D,1,0.583,0,0.00735
BVB.DE,2025-02-01,2025-02-03,W,0,0.54,0,0.01942
BVB.DE,2025-02-08,2025-02-10,L,1,0.51,0,-0.02442
BVB.DE,2025-02-15,2025-02-17,L,0,0.567,0,-0.03537
BVB.DE,2025-02-22,2025-02-24,W,1,0.618,0,0.00568
BVB.DE,2025-03-01,2025-03-03,W,0,0.519,0,-0.00673
BVB.DE,2025-03-08,2025-03-10,L,1,0.617,0,-0.0466
BVB.DE,2025-03-15,2025-03-17,L,0,0.332,0,-0.01247
BVB.DE,2025-03-30,2025-03-31,W,1,0.575,0,0.00482
BVB.DE,2025-04-05,2025-04-07,W,0,0.428,0,0.01887
BVB.DE,2025-04-12,2025-04-14,D,0,0.158,0,-0.00222
BVB.DE,2025-04-20,2025-04-22,W,1,0.672,0,0.02239
BVB.DE,2025-04-26,2025-04-28,W,0,0.549,0,0.01848
BVB.DE,2025-05-03,2025-05-05,W,1,0.71,0,-0.01159
BVB.DE,2025-05-11,2025-05-12,W,0,0.404,0,0.08474
BVB.DE,2025-05-17,2025-05-19,W,1,0.871,0,-0.04815
BVB.DE,2025-08-23,2025-08-25,D,0,0.544,0,-0.00095
BVB.DE,2025-08-31,2025-09-01,W,1,0.675,0,-0.01691
BVB.DE,2025-09-13,2025-09-15,W,0,0.615,0,-0.00501
BVB.DE,2025-09-21,2025-09-22,W,1,0.636,0,-0.00714
BVB.DE,2025-09-27,2025-09-29,W,0,0.45,0,0.00186
BVB.DE,2025-10-04,2025-10-06,D,1,0.561,0,-0.02033
BVB.DE,2025-10-18,2025-10-20,L,0,0.125,0,-0.0045
BVB.DE,2025-10-25,2025-10-27,W,1,0.669,0,-0.01278
BVB.DE,2025-10-31,2025-11-03,W,0,0.601,0,-0.0117
BVB.DE,2025-11-08,2025-11-10,D,0,0.556,0,-0.00472
BVB.DE,2025-11-22,2025-11-24,D,1,0.543,0,0.01143
BVB.DE,2025-11-29,2025-12-01,W,0,0.362,0,0.00178
BVB.DE,2025-12-07,2025-12-08,W,1,0.588,0,-0.00739
BVB.DE,2025-12-14,2025-12-15,D,0,0.439,0,0.01326
BVB.DE,2025-12-19,2025-12-22,W,1,0.615,0,0.0038
BVB.DE,2026-01-09,2026-01-12,D,0,0.487,0,-0.01078
BVB.DE,2026-01-13,2026-01-14,W,1,0.676,0,0.00873
BVB.DE,2026-01-17,2026-01-19,W,1,0.721,0,-0.00802
BVB.DE,2026-01-24,2026-01-26,W,0,0.464,0,-0.00484
BVB.DE,2026-02-01,2026-02-02,W,1,0.776,0,-0.00205
BVB.DE,2026-02-07,2026-02-09,W,0,0.548,0,-0.00297
BVB.DE,2026-02-13,2026-02-16,W,1,0.618,0,-0.00087
BVB.DE,2026-02-21,2026-02-23,D,0,0.307,0,-0.00113
BVB.DE,2026-02-28,2026-03-02,L,1,0.21,0,0.01185
BVB.DE,2026-03-07,2026-03-09,W,0,0.536,0,-0.00699
BVB.DE,2026-03-14,2026-03-16,W,1,0.666,0,-0.00772
BVB.DE,2026-03-21,2026-03-23,W,1,0.676,0,-0.00444
BVB.DE,2026-04-04,2026-04-07,W,0,0.341,0,0.01122
BVB.DE,2026-04-11,2026-04-13,L,1,0.487,0,-0.00241
BVB.DE,2026-04-18,2026-04-20,L,0,0.381,0,-0.00805
BVB.DE,2026-04-26,2026-04-27,W,1,0.694,0,0.01923
BVB.DE,2026-05-03,2026-05-04,L,0,0.497,0,-0.02998
BVB.DE,2026-05-08,2026-05-11,W,1,0.569,0,-0.01612
BVB.DE,2026-05-16,2026-05-18,W,0,0.489,0,-0.00139
CCP.L,2021-08-21,2021-08-23,W,1,0.737,0,-0.00071
CCP.L,2021-08-29,2021-08-31,L,0,0.38,0,-0.03265
CCP.L,2021-09-11,2021-09-13,W,1,0.817,0,-0.00082
CCP.L,2021-09-19,2021-09-20,L,0,0.649,0,-0.02241
CCP.L,2021-09-26,2021-09-27,D,1,0.812,0,-0.03701
CCP.L,2021-10-03,2021-10-04,W,0,0.615,0,-0.00047
CCP.L,2021-10-16,2021-10-18,W,0,0.634,0,-0.00038
CCP.L,2021-10-23,2021-10-25,W,1,0.767,0,-0.00069
CCP.L,2021-10-27,2021-10-28,W,0,0.59,0,-0.00055
CCP.L,2021-10-30,2021-11-01,D,1,0.791,0,-0.00089
CCP.L,2021-11-07,2021-11-08,W,0,0.741,0,0.02576
CCP.L,2021-11-28,2021-11-29,W,1,0.74,0,-0.026
CCP.L,2021-12-02,2021-12-03,W,1,0.696,0,-0.00053
CCP.L,2021-12-05,2021-12-06,W,0,0.711,0,-0.00127
CCP.L,2021-12-12,2021-12-13,W,1,0.815,0,-0.0002
CCP.L,2021-12-15,2021-12-16,W,0,0.714,0,-0.00114
CCP.L,2021-12-22,2021-12-23,D,0,0.797,0,0.02423
CCP.L,2021-12-26,2021-12-29,W,0,0.759,0,-0.00087
CCP.L,2022-01-17,2022-01-18,W,1,0.708,0,-0.00029
CCP.L,2022-01-26,2022-01-27,W,0,0.559,0,-0.00108
CCP.L,2022-01-29,2022-01-31,W,1,0.833,0,-0.01556
CCP.L,2022-02-02,2022-02-03,W,1,0.443,0,0.0047
CCP.L,2022-02-06,2022-02-07,W,0,0.72,0,-0.00092
CCP.L,2022-02-09,2022-02-10,W,0,0.618,0,0.00901
CCP.L,2022-02-20,2022-02-21,W,1,0.845,0,-0.0004
CCP.L,2022-02-27,2022-02-28,D,0,0.646,0,-0.00039
CCP.L,2022-03-02,2022-03-03,W,1,0.845,0,0.00059
CCP.L,2022-03-06,2022-03-07,W,0,0.696,0,-0.00039
CCP.L,2022-03-19,2022-03-21,W,1,0.832,0,-0.0008
CCP.L,2022-04-03,2022-04-04,W,0,0.338,0,0.08516
CCP.L,2022-04-09,2022-04-11,W,1,0.832,0,0.05123
CCP.L,2022-04-24,2022-04-25,W,0,0.756,0,0.00027
CCP.L,2022-05-01,2022-05-03,D,1,0.512,0,0.01751
CCP.L,2022-05-07,2022-05-09,W,1,0.741,0,0.00047
CCP.L,2022-05-11,2022-05-12,D,0,0.804,0,0.00013
CCP.L,2022-05-14,2022-05-16,W,1,0.818,0,-0.00086
CCP.L,2022-07-31,2022-08-01,W,1,0.756,0,-0.00051
CCP.L,2022-08-06,2022-08-08,W,0,0.776,0,-0.00083
CCP.L,2022-08-14,2022-08-15,W,0,0.797,0,-0.00062
CCP.L,2022-08-21,2022-08-22,W,1,0.791,0,-0.00047
CCP.L,2022-08-28,2022-08-30,W,0,0.818,0,-0.00017
CCP.L,2022-09-03,2022-09-05,W,1,0.511,0,-0.0097
CCP.L,2022-09-18,2022-09-20,L,0,0.818,0,-0.0003
CCP.L,2022-10-01,2022-10-03,W,1,0.85,0,-0.00067
CCP.L,2022-10-08,2022-10-10,W,0,0.791,0,-0.00037
CCP.L,2022-10-15,2022-10-17,W,1,0.767,0,-0.00098
CCP.L,2022-10-22,2022-10-24,W,0,0.728,0,-0.00086
CCP.L,2022-10-30,2022-10-31,W,0,0.756,0,-0.00087
CCP.L,2022-11-05,2022-11-07,W,1,0.864,0,-0.00036
CCP.L,2022-11-09,2022-11-10,W,0,0.747,0,-0.00106
CCP.L,2022-11-12,2022-11-14,W,1,0.87,0,-0.00099
CCP.L,2022-12-17,2022-12-19,W,0,0.676,0,-0.00075
CCP.L,2022-12-21,2022-12-22,W,1,0.859,0,-0.0004
CCP.L,2022-12-24,2022-12-28,W,1,0.848,0,-0.00072
CCP.L,2022-12-28,2022-12-29,W,0,0.676,0,-0.00067
CCP.L,2023-01-02,2023-01-03,D,0,0.441,0,-0.00119
CCP.L,2023-01-07,2023-01-09,W,1,0.88,0,-0.00072
CCP.L,2023-01-18,2023-01-19,W,1,0.85,0,-9e-05
CCP.L,2023-01-29,2023-01-30,W,0,0.771,0,-0.00069
CCP.L,2023-02-01,2023-02-02,W,1,0.859,0,-0.00092
CCP.L,2023-02-05,2023-02-06,W,0,0.799,0,-0.0002
CCP.L,2023-02-18,2023-02-20,W,1,0.816,0,-0.00063
CCP.L,2023-03-05,2023-03-06,W,0,0.771,0,-0.00047
CCP.L,2023-03-08,2023-03-09,W,1,0.808,0,-0.00029
CCP.L,2023-03-18,2023-03-20,W,1,0.794,0,-0.00099
CCP.L,2023-04-02,2023-04-03,W,0,0.813,0,-0.00082
CCP.L,2023-04-08,2023-04-11,W,1,0.561,0,-0.00083
CCP.L,2023-04-16,2023-04-17,W,0,0.799,0,-0.01801
CCP.L,2023-04-22,2023-04-24,D,1,0.869,0,0.01248
CCP.L,2023-05-07,2023-05-09,W,0,0.715,0,0.01912
CCP.L,2023-05-13,2023-05-15,L,0,0.406,0,-0.00071
CCP.L,2023-05-20,2023-05-22,D,1,0.848,0,-0.00066
CCP.L,2023-05-24,2023-05-25,L,0,0.662,0,-0.00024
CCP.L,2023-05-27,2023-05-30,W,1,0.783,0,5e-05
CCP.L,2023-08-05,2023-08-07,W,1,0.86,0,-0.00051
CCP.L,2023-08-13,2023-08-14,W,0,0.705,0,-0.00047
CCP.L,2023-08-26,2023-08-29,D,1,0.904,0,-0.00135
CCP.L,2023-09-03,2023-09-04,W,0,0.351,0,-0.0005
CCP.L,2023-09-16,2023-09-18,W,1,0.85,0,-0.00023
CCP.L,2023-09-23,2023-09-25,W,0,0.755,0,-0.00022
CCP.L,2023-09-30,2023-10-02,W,0,0.728,0,0.0
CCP.L,2023-10-07,2023-10-09,W,1,0.801,0,-0.00056
CCP.L,2023-10-22,2023-10-23,W,0,0.654,0,0.00821
CCP.L,2023-10-28,2023-10-30,D,0,0.653,0,0.00348
CCP.L,2023-11-01,2023-11-02,W,1,0.791,0,-0.00121
CCP.L,2023-11-04,2023-11-06,W,0,0.791,0,-0.00057
CCP.L,2023-11-12,2023-11-13,W,1,0.767,0,-0.00097
CCP.L,2023-11-25,2023-11-27,D,1,0.825,0,-0.00041
CCP.L,2023-12-03,2023-12-04,W,0,0.78,0,-0.00047
CCP.L,2023-12-06,2023-12-07,W,1,0.787,0,-0.00056
CCP.L,2023-12-10,2023-12-11,L,0,0.696,0,0.02076
CCP.L,2023-12-16,2023-12-18,L,1,0.759,0,-0.0008
CCP.L,2023-12-26,2023-12-27,W,0,0.74,0,-0.00073
CCP.L,2023-12-30,2024-01-02,W,1,0.437,0,-0.0005
CCP.L,2024-01-02,2024-01-03,W,0,0.767,0,0.02075
CCP.L,2024-01-27,2024-01-29,W,1,0.858,0,-0.00056
CCP.L,2024-02-03,2024-02-05,D,0,0.682,0,0.02861
CCP.L,2024-02-07,2024-02-08,W,0,0.698,0,-0.00038
CCP.L,2024-02-17,2024-02-19,D,1,0.778,0,-0.00067
CCP.L,2024-02-25,2024-02-26,W,0,0.716,0,0.01956
CCP.L,2024-02-28,2024-02-29,W,1,0.791,0,-0.0006
CCP.L,2024-03-03,2024-03-04,L,0,0.634,0,0.00357
CCP.L,2024-03-16,2024-03-18,W,1,0.859,0,-0.00055
CCP.L,2024-03-31,2024-04-02,W,0,0.784,0,-0.0121
CCP.L,2024-04-07,2024-04-08,D,0,0.306,0,-0.00076
CCP.L,2024-04-13,2024-04-15,W,1,0.791,0,-0.01971
CCP.L,2024-04-28,2024-04-29,W,0,0.741,0,-0.00061
CCP.L,2024-05-04,2024-05-07,W,1,0.776,0,-0.00112
CCP.L,2024-05-11,2024-05-13,W,1,0.511,0,0.03726
CCP.L,2024-05-15,2024-05-16,W,0,0.692,0,-0.00054
CCP.L,2024-05-18,2024-05-20,W,1,0.766,0,-0.00059
CCP.L,2024-08-04,2024-08-05,W,1,0.809,0,-0.02782
CCP.L,2024-08-11,2024-08-12,W,0,0.707,0,0.00179
CCP.L,2024-08-25,2024-08-27,W,0,0.732,0,-0.01057
CCP.L,2024-09-01,2024-09-02,W,1,0.585,0,-0.0005
CCP.L,2024-09-14,2024-09-16,W,1,0.804,0,-0.01489
CCP.L,2024-09-28,2024-09-30,W,0,0.794,0,-0.00012
CCP.L,2024-10-06,2024-10-07,W,0,0.809,0,-0.0007
CCP.L,2024-10-19,2024-10-21,D,1,0.764,0,-0.00036
CCP.L,2024-10-27,2024-10-28,W,0,0.749,0,-0.05884
CCP.L,2024-10-30,2024-10-31,W,1,0.856,0,-0.01697
CCP.L,2024-11-10,2024-11-11,W,0,0.714,0,0.04752
CCP.L,2024-11-23,2024-11-25,W,0,0.678,0,-0.00073
CCP.L,2024-11-30,2024-12-02,W,1,0.855,0,0.01444
CCP.L,2024-12-04,2024-12-05,W,0,0.68,0,-0.00065
CCP.L,2024-12-07,2024-12-09,W,1,0.809,0,0.00516
CCP.L,2024-12-22,2024-12-23,D,0,0.751,0,-0.00067
CCP.L,2024-12-26,2024-12-27,W,1,0.847,0,-0.00064
CCP.L,2024-12-29,2024-12-30,W,1,0.841,0,-0.00041
CCP.L,2025-01-02,2025-01-03,L,0,0.418,0,-0.00038
CCP.L,2025-01-05,2025-01-06,W,1,0.844,0,-0.01564
CCP.L,2025-01-08,2025-01-09,W,1,0.817,0,-0.00095
CCP.L,2025-01-11,2025-01-13,W,0,0.794,0,-0.00044
CCP.L,2025-01-14,2025-01-15,D,0,0.787,0,-0.00112
CCP.L,2025-02-02,2025-02-03,W,0,0.794,0,-0.0001
CCP.L,2025-02-05,2025-02-06,W,1,0.859,0,-0.00112
CCP.L,2025-02-15,2025-02-17,W,1,0.798,0,-0.00076
CCP.L,2025-02-22,2025-02-24,L,0,0.652,0,-0.00057
CCP.L,2025-02-25,2025-02-26,W,1,0.827,0,-0.02989
CCP.L,2025-03-01,2025-03-03,W,0,0.736,0,-0.01538
CCP.L,2025-03-16,2025-03-17,L,1,0.577,0,-0.00082
CCP.L,2025-03-29,2025-03-31,W,1,0.759,0,-0.00018
CCP.L,2025-04-06,2025-04-07,L,0,0.82,0,-0.02193
CCP.L,2025-04-12,2025-04-14,W,1,0.789,0,-0.00154
CCP.L,2025-04-26,2025-04-28,W,0,0.726,0,-0.00058
CCP.L,2025-05-04,2025-05-06,D,0,0.512,0,-0.00058
CCP.L,2025-05-10,2025-05-12,W,1,0.739,0,0.00611
CCP.L,2025-05-14,2025-05-15,W,0,0.6,0,-0.00083
CCP.L,2025-05-17,2025-05-19,D,1,0.754,0,-0.00065
CCP.L,2025-08-03,2025-08-04,W,1,0.801,0,-0.00087
CCP.L,2025-08-10,2025-08-11,W,0,0.654,0,-0.00074
CCP.L,2025-08-23,2025-08-26,W,1,0.82,0,-0.0003
CCP.L,2025-08-31,2025-09-01,D,0,0.49,0,-0.03377
CCP.L,2025-09-14,2025-09-15,W,0,0.756,0,-0.00054
CCP.L,2025-09-27,2025-09-29,D,1,0.734,0,-0.00065
CCP.L,2025-10-05,2025-10-06,W,1,0.792,0,-0.00052
CCP.L,2025-10-19,2025-10-20,L,0,0.768,0,-0.00081
CCP.L,2025-10-26,2025-10-27,L,0,0.455,0,-0.00061
CCP.L,2025-10-29,2025-10-30,W,1,0.814,0,-0.01429
CCP.L,2025-11-09,2025-11-10,W,1,0.808,0,-0.00106
CCP.L,2025-11-22,2025-11-24,W,0,0.664,0,0.04231
CCP.L,2025-11-30,2025-12-01,W,0,0.55,0,-0.00049
CCP.L,2025-12-03,2025-12-04,W,1,0.86,0,-0.00066
CCP.L,2025-12-07,2025-12-08,L,1,0.603,0,-0.00047
CCP.L,2025-12-17,2025-12-18,L,0,0.634,0,-0.00087
CCP.L,2025-12-21,2025-12-22,W,1,0.719,0,0.01557
CCP.L,2025-12-27,2025-12-29,W,0,0.693,0,0.01257
CCP.L,2025-12-30,2025-12-31,L,0,0.553,0,0.03056
CCP.L,2026-01-03,2026-01-05,L,1,0.502,0,-0.00082
CCP.L,2026-01-10,2026-01-12,W,1,0.748,0,-0.00065
CCP.L,2026-01-14,2026-01-15,W,0,0.642,0,-0.02092
CCP.L,2026-01-25,2026-01-26,D,0,0.423,0,-0.0006
CCP.L,2026-02-01,2026-02-02,W,1,0.73,0,-0.02609
CCP.L,2026-02-11,2026-02-12,W,1,0.843,0,-0.00027
CCP.L,2026-02-15,2026-02-16,W,0,0.676,0,-0.02633
CCP.L,2026-02-22,2026-02-23,L,1,0.651,0,-0.00056
CCP.L,2026-03-01,2026-03-02,D,0,0.3,0,-3e-05
CCP.L,2026-03-04,2026-03-05,W,0,0.648,0,8e-05
CCP.L,2026-03-14,2026-03-16,W,1,0.575,0,-0.00082
CCP.L,2026-03-22,2026-03-23,L,0,0.62,0,-0.00046
CCP.L,2026-04-05,2026-04-07,W,0,0.638,0,-0.00019
CCP.L,2026-04-11,2026-04-13,W,1,0.714,0,0.01003
CCP.L,2026-04-25,2026-04-27,W,1,0.657,0,-0.00032
CCP.L,2026-05-03,2026-05-05,W,0,0.542,0,6e-05
CCP.L,2026-05-10,2026-05-11,W,1,0.463,0,-0.00073
CCP.L,2026-05-13,2026-05-14,W,0,0.559,0,-0.00078
CCP.L,2026-05-16,2026-05-18,W,1,0.594,0,-0.00114
CCP.L,2026-08-03,2026-08-04,W,1,0.786,0,0.0322
CCP.L,2026-08-09,2026-08-10,W,0,0.68,0,0.02398
FCP.LS,2021-08-22,2021-08-23,D,0,0.687,0,-0.00266
FCP.LS,2021-08-28,2021-08-30,W,1,0.794,0,0.03654
FCP.LS,2021-09-11,2021-09-13,D,0,0.347,1,-0.00487
FCP.LS,2021-09-19,2021-09-20,W,1,0.775,0,0.00064
FCP.LS,2021-09-24,2021-09-27,W,0,0.668,0,-0.00275
FCP.LS,2021-10-02,2021-10-04,W,1,0.751,0,-0.00301
FCP.LS,2021-10-23,2021-10-25,W,0,0.691,0,0.09241
FCP.LS,2021-10-30,2021-11-01,W,1,0.786,0,0.19906
FCP.LS,2021-11-07,2021-11-08,W,0,0.673,0,-0.0995
FCP.LS,2021-11-28,2021-11-29,W,1,0.696,0,-0.09312
FCP.LS,2021-12-03,2021-12-06,W,0,0.686,0,-0.15613
FCP.LS,2021-12-12,2021-12-13,W,1,0.634,0,-0.11587
FCP.LS,2021-12-19,2021-12-20,W,0,0.707,0,-0.00037
FCP.LS,2021-12-30,2021-12-31,W,1,0.517,1,-0.01474
FCP.LS,2022-01-08,2022-01-10,W,0,0.855,0,0.2169
FCP.LS,2022-01-16,2022-01-17,W,0,0.794,0,-0.00192
FCP.LS,2022-01-23,2022-01-24,W,1,0.778,0,0.00246
FCP.LS,2022-01-30,2022-01-31,W,1,0.825,0,-0.01421
FCP.LS,2022-02-06,2022-02-07,W,0,0.726,0,-0.07339
FCP.LS,2022-02-11,2022-02-14,D,1,0.475,1,0.00043
FCP.LS,2022-02-20,2022-02-21,W,0,0.726,0,-0.0586
FCP.LS,2022-02-27,2022-02-28,D,1,0.749,0,-0.00398
FCP.LS,2022-03-06,2022-03-07,W,0,0.674,0,-0.00385
FCP.LS,2022-03-13,2022-03-14,W,1,0.847,0,0.04246
FCP.LS,2022-03-20,2022-03-21,W,0,0.668,0,-0.00209
FCP.LS,2022-04-04,2022-04-05,W,1,0.751,0,-0.01478
FCP.LS,2022-04-10,2022-04-11,W,0,0.631,0,-0.00213
FCP.LS,2022-04-16,2022-04-19,W,1,0.814,0,0.00402
FCP.LS,2022-04-25,2022-04-26,L,0,0.513,0,0.00016
FCP.LS,2022-04-30,2022-05-02,W,1,0.834,0,0.01034
FCP.LS,2022-05-07,2022-05-09,W,0,0.421,1,0.03946
FCP.LS,2022-05-14,2022-05-16,W,1,0.797,0,-0.00301
FCP.LS,2022-08-06,2022-08-08,W,1,0.78,0,0.06333
FCP.LS,2022-08-14,2022-08-15,W,0,0.729,0,-0.00268
FCP.LS,2022-08-20,2022-08-22,W,1,0.447,1,-0.00213
FCP.LS,2022-08-28,2022-08-29,L,0,0.732,0,-0.04482
FCP.LS,2022-09-03,2022-09-05,W,0,0.65,0,-0.05753
FCP.LS,2022-09-10,2022-09-12,W,1,0.818,0,-0.00454
FCP.LS,2022-09-17,2022-09-19,D,0,0.716,0,-0.06774
FCP.LS,2022-09-30,2022-10-03,W,1,0.527,0,-0.00488
FCP.LS,2022-10-08,2022-10-10,W,0,0.669,0,0.08424
FCP.LS,2022-10-21,2022-10-24,L,1,0.404,1,-0.00408
FCP.LS,2022-10-29,2022-10-31,D,0,0.668,0,-0.09816
FCP.LS,2022-11-05,2022-11-07,W,1,0.838,0,0.00275
FCP.LS,2022-11-12,2022-11-14,W,0,0.696,0,-0.04991
FCP.LS,2022-12-28,2022-12-29,W,1,0.842,0,-0.00389
FCP.LS,2023-01-07,2023-01-09,D,0,0.688,0,-0.01226
FCP.LS,2023-01-15,2023-01-16,W,1,0.794,0,0.09745
FCP.LS,2023-01-21,2023-01-23,W,0,0.669,0,-0.12533
FCP.LS,2023-02-01,2023-02-02,W,0,0.746,0,0.01645
FCP.LS,2023-02-05,2023-02-06,W,1,0.791,0,0.08545
FCP.LS,2023-02-12,2023-02-13,W,0,0.362,1,-0.07325
FCP.LS,2023-02-18,2023-02-20,W,1,0.803,0,-0.01677
FCP.LS,2023-02-26,2023-02-27,L,1,0.776,0,0.00691
FCP.LS,2023-03-04,2023-03-06,W,0,0.727,0,-0.00129
FCP.LS,2023-03-10,2023-03-13,W,1,0.786,0,-0.01559
FCP.LS,2023-03-19,2023-03-20,D,0,0.425,0,-0.09492
FCP.LS,2023-04-02,2023-04-03,W,1,0.823,0,-0.00284
FCP.LS,2023-04-07,2023-04-11,W,0,0.248,1,-0.00246
FCP.LS,2023-04-15,2023-04-17,W,1,0.845,0,0.0155
FCP.LS,2023-04-22,2023-04-24,W,0,0.721,0,0.01711
FCP.LS,2023-04-30,2023-05-02,W,1,0.794,0,0.0003
FCP.LS,2023-05-08,2023-05-09,W,0,0.681,0,-0.0014
FCP.LS,2023-05-14,2023-05-15,W,1,0.778,0,-0.07592
FCP.LS,2023-05-20,2023-05-22,W,0,0.642,0,-0.08918
FCP.LS,2023-05-27,2023-05-29,W,1,0.77,0,0.0075
FCP.LS,2023-08-14,2023-08-15,W,0,0.675,0,-0.00096
FCP.LS,2023-08-20,2023-08-21,W,1,0.828,0,-0.00242
FCP.LS,2023-08-28,2023-08-29,W,0,0.65,0,0.0756
FCP.LS,2023-09-03,2023-09-04,D,1,0.75,0,-0.00202
FCP.LS,2023-09-15,2023-09-18,W,0,0.703,0,0.02422
FCP.LS,2023-09-23,2023-09-25,W,1,0.778,0,0.01556
FCP.LS,2023-09-29,2023-10-02,L,0,0.25,1,0.0147
FCP.LS,2023-10-08,2023-10-09,W,1,0.816,0,-0.00349
FCP.LS,2023-10-29,2023-10-30,W,0,0.639,0,-0.00211
FCP.LS,2023-11-03,2023-11-06,L,1,0.796,0,-0.00168
FCP.LS,2023-11-11,2023-11-13,W,0,0.558,0,-0.00326
FCP.LS,2023-12-02,2023-12-04,W,0,0.579,0,0.04194
FCP.LS,2023-12-09,2023-12-11,W,1,0.75,0,0.0764
FCP.LS,2023-12-18,2023-12-19,L,0,0.283,1,-0.03721
FCP.LS,2023-12-29,2024-01-02,W,1,0.794,0,0.06493
FCP.LS,2024-01-05,2024-01-08,D,0,0.675,0,0.03139
FCP.LS,2024-01-14,2024-01-15,W,1,0.542,0,-0.00113
FCP.LS,2024-01-20,2024-01-22,W,1,0.735,0,-0.08985
FCP.LS,2024-01-28,2024-01-29,W,0,0.68,0,-0.00139
FCP.LS,2024-02-03,2024-02-05,D,1,0.77,0,-0.0185
FCP.LS,2024-02-12,2024-02-13,L,0,0.635,0,0.00778
FCP.LS,2024-02-17,2024-02-19,W,1,0.78,0,0.07697
FCP.LS,2024-02-25,2024-02-26,D,0,0.675,0,-0.04995
FCP.LS,2024-03-03,2024-03-04,W,1,0.395,1,-0.00949
FCP.LS,2024-03-08,2024-03-11,W,0,0.755,0,-0.00206
FCP.LS,2024-03-16,2024-03-18,W,1,0.825,0,-0.00303
FCP.LS,2024-03-30,2024-04-02,L,0,0.703,0,-0.00267
FCP.LS,2024-04-07,2024-04-08,L,1,0.688,0,-0.00319
FCP.LS,2024-04-13,2024-04-15,D,1,0.776,0,0.00854
FCP.LS,2024-04-21,2024-04-22,W,0,0.693,0,0.06928
FCP.LS,2024-04-28,2024-04-29,D,1,0.361,1,-0.00365
FCP.LS,2024-05-04,2024-05-06,W,0,0.733,0,0.01241
FCP.LS,2024-05-12,2024-05-13,W,1,0.803,0,-0.11869
FCP.LS,2024-05-18,2024-05-20,W,0,0.447,0,0.09614
FCP.LS,2024-08-10,2024-08-12,W,1,0.794,0,0.04025
FCP.LS,2024-08-16,2024-08-19,W,0,0.614,0,0.08565
FCP.LS,2024-08-24,2024-08-26,W,1,0.755,0,-0.01103
FCP.LS,2024-08-31,2024-09-02,L,0,0.217,1,-0.00231
FCP.LS,2024-09-15,2024-09-16,W,1,0.829,0,-0.00085
FCP.LS,2024-09-21,2024-09-23,W,0,0.428,0,-0.00249
FCP.LS,2024-09-29,2024-09-30,W,1,0.786,0,0.00679
FCP.LS,2024-10-06,2024-10-07,W,1,0.591,0,-0.06867
FCP.LS,2024-10-28,2024-10-29,W,0,0.724,0,-0.01017
FCP.LS,2024-11-03,2024-11-04,W,1,0.821,0,-0.04375
FCP.LS,2024-11-10,2024-11-11,L,0,0.268,1,-0.00281
FCP.LS,2024-12-02,2024-12-03,W,1,0.779,0,-0.00307
FCP.LS,2024-12-07,2024-12-09,D,0,0.626,0,-0.00246
FCP.LS,2024-12-16,2024-12-17,W,1,0.825,0,-0.00068
FCP.LS,2024-12-21,2024-12-23,W,0,0.636,0,-0.05445
FCP.LS,2024-12-28,2024-12-30,W,1,0.833,0,-0.00183
FCP.LS,2025-01-12,2025-01-13,L,0,0.691,0,0.0245
FCP.LS,2025-01-19,2025-01-20,L,0,0.668,0,-0.00248
FCP.LS,2025-01-26,2025-01-27,D,1,0.646,0,0.00812
FCP.LS,2025-02-03,2025-02-04,D,0,0.659,0,-0.01242
FCP.LS,2025-02-07,2025-02-10,D,1,0.333,1,-0.04718
FCP.LS,2025-02-16,2025-02-17,W,0,0.669,0,-0.00123
FCP.LS,2025-02-24,2025-02-25,D,1,0.565,0,-0.00435
FCP.LS,2025-03-01,2025-03-03,W,0,0.562,0,-0.00226
FCP.LS,2025-03-08,2025-03-10,L,0,0.427,0,0.00955
FCP.LS,2025-03-15,2025-03-17,W,1,0.751,0,-0.00392
FCP.LS,2025-03-30,2025-03-31,W,0,0.618,0,0.0
FCP.LS,2025-04-06,2025-04-07,L,1,0.328,1,0.00712
FCP.LS,2025-04-12,2025-04-14,W,0,0.566,0,0.00648
FCP.LS,2025-04-18,2025-04-22,W,1,0.642,0,-0.04198
FCP.LS,2025-04-26,2025-04-28,L,0,0.611,0,-0.00035
FCP.LS,2025-05-02,2025-05-05,W,1,0.704,0,0.01683
FCP.LS,2025-05-11,2025-05-12,W,0,0.668,0,-0.00482
FCP.LS,2025-05-17,2025-05-19,W,1,0.722,0,-0.00229
FCP.LS,2025-08-11,2025-08-12,W,1,0.597,0,-0.05219
FCP.LS,2025-08-18,2025-08-19,W,0,0.626,0,0.03081
FCP.LS,2025-08-24,2025-08-25,W,1,0.781,0,0.02349
FCP.LS,2025-08-30,2025-09-01,W,0,0.259,1,0.02058
FCP.LS,2025-09-13,2025-09-15,W,1,0.803,0,-0.00908
FCP.LS,2025-09-19,2025-09-22,W,0,0.703,0,-0.0623
FCP.LS,2025-09-29,2025-09-30,W,0,0.683,0,-0.0015
FCP.LS,2025-10-05,2025-10-06,D,1,0.469,1,0.085
FCP.LS,2025-10-27,2025-10-28,W,0,0.733,0,0.14623
FCP.LS,2025-11-02,2025-11-03,W,1,0.621,0,0.09189
FCP.LS,2025-11-09,2025-11-10,W,0,0.594,0,-0.00451
FCP.LS,2025-11-30,2025-12-01,W,1,0.756,0,0.04268
FCP.LS,2025-12-07,2025-12-08,W,0,0.756,0,-0.01987
FCP.LS,2025-12-15,2025-12-16,W,1,0.783,0,-0.00172
FCP.LS,2025-12-22,2025-12-23,W,0,0.7,0,0.0922
FCP.LS,2025-12-29,2025-12-30,W,1,0.823,0,-0.00352
FCP.LS,2026-01-04,2026-01-05,W,0,0.653,0,-0.07739
FCP.LS,2026-01-18,2026-01-19,W,0,0.641,0,-0.17421
FCP.LS,2026-01-26,2026-01-27,W,1,0.685,0,0.09483
FCP.LS,2026-02-02,2026-02-03,L,0,0.738,0,-0.00425
FCP.LS,2026-02-09,2026-02-10,D,1,0.415,1,-0.00763
FCP.LS,2026-02-15,2026-02-16,W,0,0.701,0,-0.00305
FCP.LS,2026-02-22,2026-02-23,W,1,0.844,0,-0.03807
FCP.LS,2026-02-27,2026-03-02,W,1,0.77,0,0.14312
FCP.LS,2026-03-08,2026-03-09,D,0,0.273,1,0.11869
FCP.LS,2026-03-15,2026-03-16,W,1,0.803,0,-0.00849
FCP.LS,2026-03-22,2026-03-23,W,0,0.43,0,0.00518
FCP.LS,2026-04-04,2026-04-07,D,1,0.685,0,-0.00193
FCP.LS,2026-04-12,2026-04-13,W,0,0.652,0,0.09062
FCP.LS,2026-04-19,2026-04-20,W,1,0.799,0,0.00556
FCP.LS,2026-04-26,2026-04-27,W,0,0.704,0,0.00442
FCP.LS,2026-05-02,2026-05-04,W,1,0.795,0,-0.04626
FCP.LS,2026-05-10,2026-05-11,L,0,0.78,0,-0.00374
FCP.LS,2026-05-16,2026-05-18,W,1,0.709,0,-0.06346
FCP.LS,2026-08-09,2026-08-10,W,1,0.798,0,-0.00152
FCP.LS,2026-08-15,2026-08-17,W,0,0.669,0,-0.00137
FENER.IS,2021-08-22,2021-08-23,W,1,0.607,0,0.00376
FENER.IS,2021-08-29,2021-08-31,W,0,0.434,0,-0.00522
FENER.IS,2021-09-12,2021-09-13,D,1,0.596,0,-0.02609
FENER.IS,2021-09-19,2021-09-20,L,0,0.463,0,-0.03346
FENER.IS,2021-09-23,2021-09-24,W,1,0.669,0,-0.04694
FENER.IS,2021-09-26,2021-09-27,W,0,0.419,0,0.01615
FENER.IS,2021-10-03,2021-10-04,W,1,0.638,0,-0.03353
FENER.IS,2021-10-17,2021-10-18,L,0,0.296,1,-0.01658
FENER.IS,2021-10-24,2021-10-25,L,1,0.524,0,-0.03982
FENER.IS,2021-10-30,2021-11-01,L,0,0.42,0,-0.00014
FENER.IS,2021-11-07,2021-11-08,D,1,0.649,0,-0.05354
FENER.IS,2021-11-21,2021-11-22,W,0,0.268,1,0.09601
FENER.IS,2021-11-29,2021-11-30,D,0,0.469,0,-0.09904
FENER.IS,2021-12-05,2021-12-06,W,1,0.661,0,0.00059
FENER.IS,2021-12-13,2021-12-14,L,0,0.438,0,-0.09642
FENER.IS,2021-12-19,2021-12-20,D,1,0.428,1,-0.06864
FENER.IS,2021-12-22,2021-12-23,D,0,0.436,0,-0.04019
FENER.IS,2021-12-26,2021-12-27,W,1,0.679,0,-0.01788
FENER.IS,2022-01-10,2022-01-11,L,1,0.52,0,-0.05671
FENER.IS,2022-01-15,2022-01-17,D,0,0.436,0,-0.01498
FENER.IS,2022-01-19,2022-01-20,W,1,0.678,0,-0.00229
FENER.IS,2022-01-22,2022-01-24,D,0,0.356,0,-0.03759
FENER.IS,2022-02-05,2022-02-07,L,1,0.434,0,-0.04201
FENER.IS,2022-02-12,2022-02-14,W,0,0.432,0,-0.01185
FENER.IS,2022-02-20,2022-02-21,W,1,0.544,0,-0.01813
FENER.IS,2022-02-28,2022-03-01,W,0,0.352,0,0.00277
FENER.IS,2022-03-06,2022-03-07,D,1,0.417,1,-0.02379
FENER.IS,2022-03-13,2022-03-14,W,0,0.36,0,0.09295
FENER.IS,2022-03-20,2022-03-21,W,1,0.476,0,0.01191
FENER.IS,2022-04-02,2022-04-04,W,0,0.486,0,-0.0027
FENER.IS,2022-04-10,2022-04-11,W,1,0.495,1,-0.00335
FENER.IS,2022-04-16,2022-04-18,W,1,0.691,0,-0.01982
FENER.IS,2022-04-22,2022-04-25,W,0,0.603,0,0.05818
FENER.IS,2022-04-29,2022-05-05,W,1,0.698,0,-0.00944
FENER.IS,2022-05-08,2022-05-09,D,0,0.362,1,-0.00145
FENER.IS,2022-05-15,2022-05-16,D,1,0.623,0,0.08387
FENER.IS,2022-05-21,2022-05-23,W,0,0.761,0,0.08734
FENER.IS,2022-08-08,2022-08-09,D,1,0.693,0,-0.04506
FENER.IS,2022-08-15,2022-08-16,W,0,0.453,0,0.00085
FENER.IS,2022-08-22,2022-08-23,W,1,0.555,0,0.01872
FENER.IS,2022-08-29,2022-08-31,L,0,0.46,0,-0.05742
FENER.IS,2022-09-03,2022-09-05,W,1,0.65,0,-0.05771
FENER.IS,2022-09-18,2022-09-19,W,1,0.647,0,0.10515
FENER.IS,2022-10-02,2022-10-03,D,0,0.332,1,-0.05239
FENER.IS,2022-10-09,2022-10-10,W,1,0.675,0,-0.0138
FENER.IS,2022-10-17,2022-10-18,W,0,0.568,0,-0.02343
FENER.IS,2022-10-22,2022-10-24,W,1,0.486,0,0.09588
FENER.IS,2022-10-30,2022-10-31,W,0,0.63,0,-0.06142
FENER.IS,2022-11-07,2022-11-08,W,1,0.693,0,-0.09921
FENER.IS,2022-11-12,2022-11-14,L,1,0.709,0,-0.07566
FENER.IS,2022-12-24,2022-12-26,L,0,0.386,1,-0.02427
FENER.IS,2022-12-27,2022-12-28,W,1,0.716,0,-0.01795
FENER.IS,2023-01-03,2023-01-04,W,0,0.531,0,0.00984
FENER.IS,2023-01-08,2023-01-09,L,1,0.457,1,-0.08328
FENER.IS,2023-01-15,2023-01-16,W,0,0.574,0,-0.02027
FENER.IS,2023-01-23,2023-01-24,W,0,0.632,0,-0.03045
FENER.IS,2023-01-29,2023-01-30,W,1,0.71,0,0.01834
FENER.IS,2023-02-02,2023-02-03,D,0,0.466,0,0.00756
FENER.IS,2023-02-25,2023-02-27,W,1,0.632,0,-0.03988
FENER.IS,2023-03-04,2023-03-06,W,0,0.522,0,-0.02646
FENER.IS,2023-03-19,2023-03-20,W,0,0.548,0,0.1152
FENER.IS,2023-04-02,2023-04-03,L,1,0.505,1,-0.10121
FENER.IS,2023-04-10,2023-04-11,W,0,0.567,0,-0.02007
FENER.IS,2023-04-15,2023-04-17,W,1,0.698,0,-0.01634
FENER.IS,2023-04-19,2023-04-20,W,0,0.513,0,0.01555
FENER.IS,2023-04-24,2023-04-25,D,1,0.756,0,-0.08576
FENER.IS,2023-04-29,2023-05-02,W,0,0.542,0,0.11244
FENER.IS,2023-05-07,2023-05-08,D,0,0.627,0,-0.09216
FENER.IS,2023-05-21,2023-05-22,W,0,,0,-0.04622
FENER.IS,2023-05-30,2023-05-31,W,1,0.735,0,-0.01596
FENER.IS,2023-06-04,2023-06-05,L,0,0.28,1,-0.00217
FENER.IS,2023-06-07,2023-06-08,W,1,,0,0.06261
FENER.IS,2023-08-13,2023-08-14,W,1,0.709,0,-0.00817
FENER.IS,2023-08-21,2023-08-22,W,0,0.601,0,0.05437
FENER.IS,2023-09-03,2023-09-04,W,0,0.551,0,-0.04781
FENER.IS,2023-09-17,2023-09-18,W,1,0.668,0,-0.01912
FENER.IS,2023-09-24,2023-09-25,W,0,0.572,0,-0.0264
FENER.IS,2023-09-28,2023-09-29,W,1,0.654,0,0.09347
FENER.IS,2023-10-01,2023-10-02,W,1,0.693,0,0.09237
FENER.IS,2023-10-08,2023-10-09,W,0,0.623,0,-0.0836
FENER.IS,2023-10-22,2023-10-23,W,1,0.747,0,-0.01245
FENER.IS,2023-10-29,2023-10-30,W,0,0.715,0,-0.01736
FENER.IS,2023-11-04,2023-11-06,L,1,0.696,1,-0.08822
FENER.IS,2023-11-12,2023-11-13,D,0,0.484,0,-0.03033
FENER.IS,2023-11-26,2023-11-27,W,1,0.755,0,0.00529
FENER.IS,2023-12-04,2023-12-05,W,1,0.75,0,-0.02798
FENER.IS,2023-12-09,2023-12-11,W,0,0.506,1,0.05402
FENER.IS,2023-12-20,2023-12-21,W,0,0.623,0,-0.04049
FENER.IS,2023-12-24,2023-12-25,D,1,0.438,1,-0.09871
FENER.IS,2024-01-07,2024-01-08,W,0,0.764,0,0.02183
FENER.IS,2024-01-10,2024-01-11,W,1,0.764,0,0.04608
FENER.IS,2024-01-14,2024-01-15,W,0,0.705,0,0.01601
FENER.IS,2024-01-21,2024-01-22,D,1,0.776,0,-0.09972
FENER.IS,2024-01-24,2024-01-25,W,0,0.596,0,-0.01494
FENER.IS,2024-01-28,2024-01-29,W,1,0.791,0,0.0178
FENER.IS,2024-02-03,2024-02-05,W,0,0.603,0,-0.01392
FENER.IS,2024-02-11,2024-02-12,D,1,0.78,0,-0.0959
FENER.IS,2024-02-17,2024-02-19,W,0,0.646,0,-0.04571
FENER.IS,2024-02-24,2024-02-26,W,1,0.794,0,0.02974
FENER.IS,2024-03-02,2024-03-04,W,0,0.71,0,-0.07527
FENER.IS,2024-03-10,2024-03-11,W,1,0.803,0,-0.05353
FENER.IS,2024-03-17,2024-03-18,W,0,0.561,1,-0.04885
FENER.IS,2024-04-03,2024-04-04,W,1,0.759,0,-0.02046
FENER.IS,2024-04-14,2024-04-15,W,0,0.676,0,0.08174
FENER.IS,2024-04-22,2024-04-24,D,0,0.68,0,-0.05188
FENER.IS,2024-04-27,2024-04-29,W,1,0.646,1,-0.0525
FENER.IS,2024-05-06,2024-05-07,D,0,0.68,0,0.03023
FENER.IS,2024-05-12,2024-05-13,W,1,0.796,0,0.07895
FENER.IS,2024-05-19,2024-05-20,W,0,0.334,1,0.0282
FENER.IS,2024-05-26,2024-05-27,W,1,0.886,0,0.1015
FENER.IS,2024-08-10,2024-08-12,W,1,0.823,0,-0.00572
FENER.IS,2024-08-17,2024-08-19,D,0,0.684,0,-0.03864
FENER.IS,2024-08-25,2024-08-26,W,0,0.554,0,0.03621
FENER.IS,2024-08-30,2024-09-02,W,1,0.722,0,-0.06311
FENER.IS,2024-09-15,2024-09-16,W,0,0.639,0,-0.02855
FENER.IS,2024-09-21,2024-09-23,L,1,0.436,1,-0.091
FENER.IS,2024-09-29,2024-09-30,W,0,0.669,0,0.00213
FENER.IS,2024-10-20,2024-10-21,D,0,0.508,0,-0.0713
FENER.IS,2024-10-27,2024-10-28,W,1,0.77,0,-0.00383
FENER.IS,2024-11-03,2024-11-04,W,0,0.533,1,0.02202
FENER.IS,2024-11-10,2024-11-11,W,1,0.787,0,-0.02518
FENER.IS,2024-11-23,2024-11-25,W,0,0.65,0,0.00797
FENER.IS,2024-12-02,2024-12-03,W,1,0.751,0,-0.04524
FENER.IS,2024-12-07,2024-12-09,L,0,0.49,1,-0.60223
FENER.IS,2024-12-15,2024-12-16,W,1,0.685,0,0.02938
FENER.IS,2024-12-20,2024-12-23,D,0,0.604,0,-0.03697
FENER.IS,2025-01-05,2025-01-06,W,1,0.857,0,-0.03435
FENER.IS,2025-01-13,2025-01-14,W,0,0.607,0,-0.02562
FENER.IS,2025-01-19,2025-01-20,W,0,0.803,0,0.01569
FENER.IS,2025-01-26,2025-01-27,W,1,0.669,0,0.06592
FENER.IS,2025-02-02,2025-02-03,W,1,0.691,0,-0.0327
FENER.IS,2025-02-09,2025-02-10,W,0,0.609,0,0.02799
FENER.IS,2025-02-16,2025-02-17,W,1,0.744,0,0.01984
FENER.IS,2025-02-24,2025-02-25,D,0,0.323,1,-0.05173
FENER.IS,2025-03-02,2025-03-03,W,1,0.744,0,0.08814
FENER.IS,2025-03-16,2025-03-17,D,1,0.672,0,-0.07247
FENER.IS,2025-03-28,2025-04-02,W,0,0.611,0,0.10745
FENER.IS,2025-04-06,2025-04-07,W,1,0.659,1,0.02717
FENER.IS,2025-04-13,2025-04-14,W,0,0.678,0,-0.03737
FENER.IS,2025-04-20,2025-04-21,D,1,0.791,0,-0.07387
FENER.IS,2025-04-26,2025-04-28,W,0,0.649,0,-0.03164
FENER.IS,2025-05-04,2025-05-05,L,1,0.609,1,0.10397
FENER.IS,2025-05-09,2025-05-12,W,0,0.517,0,0.02035
FENER.IS,2025-05-18,2025-05-20,W,1,0.761,0,0.0431
FENER.IS,2025-05-26,2025-05-27,L,0,0.756,0,-0.0055
FENER.IS,2025-05-31,2025-06-02,W,1,0.639,0,-0.01317
FENER.IS,2025-08-16,2025-08-18,D,0,0.531,0,-0.02175
FENER.IS,2025-08-23,2025-08-25,W,1,0.687,0,-0.00801
FENER.IS,2025-08-31,2025-09-01,W,0,0.712,0,0.00822
FENER.IS,2025-09-14,2025-09-15,W,1,0.69,1,-0.01104
FENER.IS,2025-09-17,2025-09-18,D,1,0.724,0,-0.0091
FENER.IS,2025-09-21,2025-09-22,D,0,0.652,0,-0.04168
FENER.IS,2025-09-28,2025-09-29,W,1,0.78,0,-0.01982
FENER.IS,2025-10-05,2025-10-06,D,0,0.56,0,-0.04934
FENER.IS,2025-10-19,2025-10-20,W,1,0.795,0,-0.03461
FENER.IS,2025-10-27,2025-10-28,W,0,0.587,0,-0.00466
FENER.IS,2025-11-02,2025-11-03,W,0,0.379,1,0.00804
FENER.IS,2025-11-09,2025-11-10,W,1,0.801,0,0.02508
FENER.IS,2025-11-23,2025-11-24,W,0,0.614,0,0.01768
FENER.IS,2025-12-01,2025-12-02,D,1,0.443,1,-0.06781
FENER.IS,2025-12-06,2025-12-08,D,0,0.589,0,-0.03432
FENER.IS,2025-12-15,2025-12-16,W,1,0.748,0,-0.01982
FENER.IS,2025-12-20,2025-12-22,W,0,0.664,0,-0.02971
FENER.IS,2026-01-18,2026-01-19,W,0,0.62,0,-0.016
FENER.IS,2026-01-25,2026-01-26,D,1,0.655,0,-0.04253
FENER.IS,2026-02-02,2026-02-03,W,0,0.562,0,-0.00478
FENER.IS,2026-02-09,2026-02-10,W,1,0.775,0,-0.02166
FENER.IS,2026-02-14,2026-02-16,W,0,0.465,1,0.03624
FENER.IS,2026-02-23,2026-02-24,D,1,0.775,0,-0.09392
FENER.IS,2026-03-01,2026-03-02,D,0,0.642,0,-0.06535
FENER.IS,2026-03-08,2026-03-09,W,1,0.647,0,-0.05762
FENER.IS,2026-03-13,2026-03-16,L,0,0.653,0,-0.06878
FENER.IS,2026-03-17,2026-03-18,W,1,0.742,0,0.00111
FENER.IS,2026-04-05,2026-04-06,W,1,0.487,1,0.01698
FENER.IS,2026-04-11,2026-04-13,W,0,0.653,0,0.09943
FENER.IS,2026-04-17,2026-04-20,D,1,0.703,0,-0.09523
FENER.IS,2026-04-26,2026-04-27,L,0,0.336,1,-0.01216
FENER.IS,2026-05-02,2026-05-04,W,1,0.578,0,0.00987
FENER.IS,2026-05-09,2026-05-11,W,0,0.636,0,0.00761
FENER.IS,2026-05-17,2026-05-18,D,1,0.751,0,0.05714
FENER.IS,2026-08-15,2026-08-17,L,0,0.671,0,-0.01679
GSRAY.IS,2021-08-23,2021-08-24,W,1,0.641,0,-0.01232
GSRAY.IS,2021-08-29,2021-08-31,D,0,0.554,0,-0.02333
GSRAY.IS,2021-09-12,2021-09-13,D,0,0.308,1,0.01771
GSRAY.IS,2021-09-19,2021-09-20,L,1,0.641,0,-0.04056
GSRAY.IS,2021-09-22,2021-09-23,L,0,0.543,0,-0.02695
GSRAY.IS,2021-09-26,2021-09-27,W,1,0.618,0,-0.01383
GSRAY.IS,2021-10-03,2021-10-04,W,0,0.56,0,-0.0094
GSRAY.IS,2021-10-17,2021-10-18,W,1,0.623,0,0.00393
GSRAY.IS,2021-10-25,2021-10-26,L,0,0.321,1,-0.013
GSRAY.IS,2021-10-31,2021-11-01,W,1,0.662,0,0.09601
GSRAY.IS,2021-11-07,2021-11-08,D,0,0.447,0,-0.05742
GSRAY.IS,2021-11-21,2021-11-22,L,1,0.457,1,-0.04606
GSRAY.IS,2021-11-28,2021-11-29,D,0,0.546,0,-0.04948
GSRAY.IS,2021-12-04,2021-12-06,D,1,0.649,0,-0.02824
GSRAY.IS,2021-12-13,2021-12-14,L,0,0.388,0,-0.05438
GSRAY.IS,2021-12-18,2021-12-20,D,1,0.461,0,-0.04955
GSRAY.IS,2021-12-21,2021-12-22,L,0,0.385,0,-0.01594
GSRAY.IS,2021-12-25,2021-12-27,W,1,0.574,0,-0.01582
GSRAY.IS,2022-01-08,2022-01-10,L,1,0.567,0,-0.00211
GSRAY.IS,2022-01-16,2022-01-17,L,0,0.43,0,-0.01433
GSRAY.IS,2022-01-20,2022-01-21,L,1,0.567,0,-0.01437
GSRAY.IS,2022-01-23,2022-01-24,L,1,0.384,1,-0.01475
GSRAY.IS,2022-02-06,2022-02-07,D,0,0.35,0,-0.01837
GSRAY.IS,2022-02-12,2022-02-14,D,1,0.538,0,-0.02365
GSRAY.IS,2022-02-21,2022-02-22,W,0,0.384,0,-0.01483
GSRAY.IS,2022-02-27,2022-02-28,W,1,0.662,0,-0.00157
GSRAY.IS,2022-03-05,2022-03-07,L,0,0.333,0,-0.02585
GSRAY.IS,2022-03-14,2022-03-15,W,1,0.38,1,0.06271
GSRAY.IS,2022-03-20,2022-03-21,L,0,0.381,0,-0.01901
GSRAY.IS,2022-04-02,2022-04-04,W,1,0.544,0,-0.01465
GSRAY.IS,2022-04-10,2022-04-11,L,0,0.244,1,-0.00691
GSRAY.IS,2022-04-18,2022-04-19,W,1,0.723,0,-0.02793
GSRAY.IS,2022-04-24,2022-04-25,W,0,0.498,0,0.00786
GSRAY.IS,2022-05-01,2022-05-05,L,1,0.492,0,-0.01525
GSRAY.IS,2022-05-07,2022-05-09,D,0,0.266,0,-0.0069
GSRAY.IS,2022-05-16,2022-05-17,W,1,0.488,0,-0.00945
GSRAY.IS,2022-05-20,2022-05-23,D,0,0.316,0,0.05583
GSRAY.IS,2022-08-07,2022-08-08,W,0,0.355,0,0.09297
GSRAY.IS,2022-08-13,2022-08-15,L,1,0.661,0,0.01078
GSRAY.IS,2022-08-19,2022-08-22,W,0,0.524,0,-0.01397
GSRAY.IS,2022-08-28,2022-08-29,D,0,0.328,1,0.00835
GSRAY.IS,2022-09-05,2022-09-06,W,1,0.582,0,-0.01061
GSRAY.IS,2022-09-11,2022-09-12,W,0,0.505,0,-0.03935
GSRAY.IS,2022-09-16,2022-09-19,W,1,0.559,0,-0.00461
GSRAY.IS,2022-10-01,2022-10-03,D,0,0.365,0,-0.06509
GSRAY.IS,2022-10-15,2022-10-17,L,0,0.514,0,-0.0634
GSRAY.IS,2022-10-23,2022-10-24,D,1,0.604,0,-0.03071
GSRAY.IS,2022-10-28,2022-10-31,W,0,0.525,0,-0.0331
GSRAY.IS,2022-11-05,2022-11-07,W,1,0.461,1,0.02749
GSRAY.IS,2022-11-12,2022-11-14,W,0,0.377,0,0.08725
GSRAY.IS,2022-12-25,2022-12-26,W,1,0.742,0,-0.03412
GSRAY.IS,2022-12-29,2022-12-30,W,0,0.552,0,-0.00213
GSRAY.IS,2023-01-04,2023-01-05,W,1,0.639,0,-0.01905
GSRAY.IS,2023-01-08,2023-01-09,W,0,0.275,1,0.11501
GSRAY.IS,2023-01-13,2023-01-16,W,1,0.725,0,-0.04039
GSRAY.IS,2023-01-21,2023-01-23,W,1,0.686,0,0.00525
GSRAY.IS,2023-01-28,2023-01-30,W,0,0.611,0,0.10811
GSRAY.IS,2023-02-01,2023-02-02,W,1,0.788,0,-0.1025
GSRAY.IS,2023-02-05,2023-02-06,W,1,0.564,1,0.04429
GSRAY.IS,2023-03-05,2023-03-06,W,0,,0,-0.044
GSRAY.IS,2023-03-11,2023-03-13,W,1,0.726,0,-0.04381
GSRAY.IS,2023-03-17,2023-03-20,L,0,0.522,0,-0.07401
GSRAY.IS,2023-04-01,2023-04-03,W,1,0.655,0,0.03845
GSRAY.IS,2023-04-14,2023-04-17,W,1,0.708,0,0.02374
GSRAY.IS,2023-04-18,2023-04-19,W,0,0.627,0,0.05907
GSRAY.IS,2023-04-23,2023-04-24,D,1,0.733,0,-0.05585
GSRAY.IS,2023-04-30,2023-05-02,L,0,0.382,1,-0.04519
GSRAY.IS,2023-05-08,2023-05-09,W,1,0.643,0,-0.08163
GSRAY.IS,2023-05-16,2023-05-17,W,0,0.736,0,-0.05069
GSRAY.IS,2023-05-20,2023-05-22,W,1,0.717,0,-0.07203
GSRAY.IS,2023-05-30,2023-05-31,W,0,0.632,0,-0.08107
GSRAY.IS,2023-06-04,2023-06-05,W,1,0.463,1,-0.02352
GSRAY.IS,2023-06-07,2023-06-08,W,0,,0,0.03351
GSRAY.IS,2023-08-12,2023-08-14,D,0,0.576,0,-0.03718
GSRAY.IS,2023-08-19,2023-08-21,W,1,0.579,1,0.00787
GSRAY.IS,2023-09-02,2023-09-04,W,0,0.654,0,-0.04387
GSRAY.IS,2023-09-16,2023-09-18,W,1,0.693,0,0.01034
GSRAY.IS,2023-09-23,2023-09-25,W,0,0.526,0,-0.0246
GSRAY.IS,2023-09-26,2023-09-27,W,0,0.722,0,-0.02553
GSRAY.IS,2023-09-30,2023-10-02,W,1,0.72,0,0.01863
GSRAY.IS,2023-10-07,2023-10-09,W,0,0.565,0,-0.05764
GSRAY.IS,2023-10-21,2023-10-23,W,1,0.576,1,0.00766
GSRAY.IS,2023-10-28,2023-10-30,W,0,0.622,0,0.00492
GSRAY.IS,2023-11-03,2023-11-06,W,1,0.797,0,0.00213
GSRAY.IS,2023-11-11,2023-11-13,L,0,0.661,0,-0.05804
GSRAY.IS,2023-11-25,2023-11-27,W,1,0.781,0,-0.00294
GSRAY.IS,2023-12-02,2023-12-04,W,0,0.705,0,-0.00415
GSRAY.IS,2023-12-08,2023-12-11,W,1,0.727,0,-0.02326
GSRAY.IS,2023-12-20,2023-12-21,W,1,0.737,0,-0.03303
GSRAY.IS,2023-12-24,2023-12-25,D,0,0.307,1,-0.09946
GSRAY.IS,2024-01-07,2024-01-08,W,1,0.728,0,-0.0043
GSRAY.IS,2024-01-11,2024-01-12,D,0,0.649,0,-0.02645
GSRAY.IS,2024-01-15,2024-01-16,W,1,0.747,0,-0.01477
GSRAY.IS,2024-01-21,2024-01-22,W,0,0.495,1,0.09946
GSRAY.IS,2024-01-25,2024-01-26,W,1,0.837,0,-0.00245
GSRAY.IS,2024-01-29,2024-01-30,W,1,0.794,0,-0.03348
GSRAY.IS,2024-02-02,2024-02-05,W,0,0.557,0,-0.02192
GSRAY.IS,2024-02-10,2024-02-12,W,1,0.732,0,0.06248
GSRAY.IS,2024-02-18,2024-02-19,W,0,0.632,0,-0.00868
GSRAY.IS,2024-02-26,2024-02-27,W,1,0.716,0,-0.0428
GSRAY.IS,2024-03-03,2024-03-04,W,0,0.495,1,0.01855
GSRAY.IS,2024-03-08,2024-03-11,W,1,0.746,0,-0.00407
GSRAY.IS,2024-03-17,2024-03-18,W,0,0.653,0,-0.093
GSRAY.IS,2024-04-02,2024-04-03,W,1,0.794,0,-0.01352
GSRAY.IS,2024-04-15,2024-04-16,W,0,0.63,0,0.10626
GSRAY.IS,2024-04-21,2024-04-22,W,1,0.761,0,0.07589
GSRAY.IS,2024-04-26,2024-04-29,W,0,0.653,0,-0.05945
GSRAY.IS,2024-05-05,2024-05-06,W,1,0.815,0,0.0459
GSRAY.IS,2024-05-12,2024-05-13,W,0,0.647,0,-0.01979
GSRAY.IS,2024-05-19,2024-05-20,L,1,0.416,1,-0.03776
GSRAY.IS,2024-05-26,2024-05-27,W,0,0.439,0,-0.03145
GSRAY.IS,2024-08-09,2024-08-12,W,1,0.755,0,-0.03691
GSRAY.IS,2024-08-16,2024-08-19,W,0,0.565,0,0.05784
GSRAY.IS,2024-08-31,2024-09-02,W,0,0.659,0,-0.00683
GSRAY.IS,2024-09-14,2024-09-16,W,1,0.759,0,-0.00814
GSRAY.IS,2024-09-17,2024-09-18,W,1,0.781,0,-0.01407
GSRAY.IS,2024-09-21,2024-09-23,W,0,0.288,1,0.07803
GSRAY.IS,2024-09-28,2024-09-30,D,1,0.738,0,-0.03528
GSRAY.IS,2024-10-06,2024-10-07,W,1,0.725,0,-0.019
GSRAY.IS,2024-10-19,2024-10-21,W,0,0.678,0,0.01668
GSRAY.IS,2024-10-28,2024-10-30,W,1,0.511,1,-0.01369
GSRAY.IS,2024-11-10,2024-11-11,W,1,0.659,0,-0.02533
GSRAY.IS,2024-11-23,2024-11-25,W,0,0.665,0,-0.0061
GSRAY.IS,2024-12-01,2024-12-02,D,1,0.754,0,-0.01935
GSRAY.IS,2024-12-08,2024-12-09,W,0,0.653,0,-0.01769
GSRAY.IS,2024-12-16,2024-12-17,W,1,0.696,1,-0.01846
GSRAY.IS,2024-12-22,2024-12-23,W,0,0.688,0,-0.67274
GSRAY.IS,2025-01-04,2025-01-06,W,1,0.698,0,-0.03218
GSRAY.IS,2025-01-12,2025-01-13,W,0,0.589,0,0.02285
GSRAY.IS,2025-01-17,2025-01-20,D,0,0.724,0,-0.00179
GSRAY.IS,2025-01-25,2025-01-27,W,1,0.763,0,-0.00438
GSRAY.IS,2025-02-03,2025-02-04,W,0,0.655,0,0.00407
GSRAY.IS,2025-02-09,2025-02-10,W,1,0.862,0,-0.01456
GSRAY.IS,2025-02-17,2025-02-18,W,0,0.577,0,-0.01342
GSRAY.IS,2025-02-24,2025-02-25,D,1,0.417,1,-0.01942
GSRAY.IS,2025-03-02,2025-03-03,D,0,0.583,0,-0.03831
GSRAY.IS,2025-03-09,2025-03-10,W,0,0.571,0,-0.00628
GSRAY.IS,2025-03-14,2025-03-17,W,1,0.738,0,0.03025
GSRAY.IS,2025-03-29,2025-04-02,L,0,0.439,1,-0.00824
GSRAY.IS,2025-04-11,2025-04-14,W,0,0.574,0,-0.02224
GSRAY.IS,2025-04-18,2025-04-21,W,1,0.715,0,0.09658
GSRAY.IS,2025-04-27,2025-04-28,W,0,0.626,0,-0.00288
GSRAY.IS,2025-05-03,2025-05-05,W,1,0.788,0,-0.03465
GSRAY.IS,2025-05-10,2025-05-12,W,0,0.532,1,-0.02639
GSRAY.IS,2025-05-18,2025-05-20,W,1,0.789,0,-0.01175
GSRAY.IS,2025-05-24,2025-05-26,W,0,0.544,0,-0.03052
GSRAY.IS,2025-05-30,2025-06-02,W,1,0.557,0,-0.08831
GSRAY.IS,2025-08-08,2025-08-11,W,0,0.676,0,0.01989
GSRAY.IS,2025-08-15,2025-08-18,W,1,0.803,0,0.03511
GSRAY.IS,2025-08-24,2025-08-25,W,0,0.696,0,0.03315
GSRAY.IS,2025-08-30,2025-09-01,W,1,0.782,0,-0.01119
GSRAY.IS,2025-09-13,2025-09-15,W,0,0.696,0,0.02142
GSRAY.IS,2025-09-22,2025-09-23,W,1,0.756,0,-0.02573
GSRAY.IS,2025-09-26,2025-09-29,W,0,0.648,0,-0.0361
GSRAY.IS,2025-10-04,2025-10-06,D,1,0.597,1,-0.02268
GSRAY.IS,2025-10-18,2025-10-20,W,0,0.586,0,0.0243
GSRAY.IS,2025-10-26,2025-10-27,W,1,0.674,0,0.00419
GSRAY.IS,2025-11-01,2025-11-03,D,1,0.653,1,-0.00313
GSRAY.IS,2025-11-09,2025-11-10,L,0,0.651,0,-0.0418
GSRAY.IS,2025-11-22,2025-11-24,W,1,0.814,0,0.00198
GSRAY.IS,2025-12-01,2025-12-02,D,0,0.291,1,-0.01513
GSRAY.IS,2025-12-05,2025-12-08,W,1,0.638,0,0.00075
GSRAY.IS,2025-12-13,2025-12-15,W,0,0.709,0,-0.00526
GSRAY.IS,2025-12-21,2025-12-22,W,1,0.775,0,-0.02243
GSRAY.IS,2026-01-17,2026-01-19,D,1,0.825,0,-0.0191
GSRAY.IS,2026-01-24,2026-01-26,W,0,0.715,0,-0.01429
GSRAY.IS,2026-02-01,2026-02-02,W,1,0.818,0,0.02459
GSRAY.IS,2026-02-08,2026-02-09,W,0,0.608,0,0.02444
GSRAY.IS,2026-02-13,2026-02-16,W,1,0.842,0,0.01174
GSRAY.IS,2026-02-21,2026-02-23,L,0,0.639,0,-0.01107
GSRAY.IS,2026-02-28,2026-03-02,W,1,0.724,0,-0.02055
GSRAY.IS,2026-03-07,2026-03-09,W,0,0.376,1,-0.01395
GSRAY.IS,2026-03-14,2026-03-16,W,1,0.584,0,0.0231
GSRAY.IS,2026-04-04,2026-04-06,L,0,0.447,1,-0.01479
GSRAY.IS,2026-04-08,2026-04-09,W,0,0.587,0,0.02297
GSRAY.IS,2026-04-12,2026-04-13,D,1,0.771,0,-0.03437
GSRAY.IS,2026-04-18,2026-04-20,W,0,0.691,0,0.01258
GSRAY.IS,2026-04-26,2026-04-27,W,1,0.393,1,-0.00527
GSRAY.IS,2026-05-02,2026-05-04,L,0,0.578,0,-0.02282
GSRAY.IS,2026-05-09,2026-05-11,W,1,0.809,0,-0.03438
GSRAY.IS,2026-05-17,2026-05-18,L,0,0.487,0,-0.01585
GSRAY.IS,2026-08-14,2026-08-17,D,1,0.737,0,0.00182
JUVE.MI,2021-08-22,2021-08-23,D,0,0.654,0,0.01126
JUVE.MI,2021-08-28,2021-08-30,L,1,0.776,0,-0.01612
JUVE.MI,2021-09-11,2021-09-13,L,0,0.34,0,0.00947
JUVE.MI,2021-09-19,2021-09-20,D,1,0.451,0,0.02535
JUVE.MI,2021-09-22,2021-09-23,W,0,0.71,0,-0.00376
JUVE.MI,2021-09-26,2021-09-27,W,1,0.73,0,0.01739
JUVE.MI,2021-10-02,2021-10-04,W,0,0.522,0,0.01022
JUVE.MI,2021-10-17,2021-10-18,W,1,0.513,0,0.01402
JUVE.MI,2021-10-24,2021-10-25,D,0,0.278,0,-0.01666
JUVE.MI,2021-10-27,2021-10-28,L,1,0.656,0,-0.00128
JUVE.MI,2021-10-30,2021-11-01,L,0,0.513,0,0.02209
JUVE.MI,2021-11-06,2021-11-08,W,1,0.603,0,-0.00724
JUVE.MI,2021-11-20,2021-11-22,W,0,0.404,0,-0.00606
JUVE.MI,2021-11-27,2021-11-29,L,1,0.434,0,-0.06768
JUVE.MI,2021-11-30,2021-12-01,W,0,0.728,0,-0.0217
JUVE.MI,2021-12-05,2021-12-06,W,1,0.762,0,0.02002
JUVE.MI,2021-12-11,2021-12-13,D,0,0.696,0,-0.02015
JUVE.MI,2021-12-18,2021-12-20,W,0,0.515,0,-0.05079
JUVE.MI,2021-12-21,2021-12-22,W,1,0.799,0,-0.04231
JUVE.MI,2022-01-06,2022-01-07,D,1,0.499,0,-0.02463
JUVE.MI,2022-01-09,2022-01-10,W,0,0.441,0,-0.03279
JUVE.MI,2022-01-15,2022-01-17,W,1,0.675,0,0.00066
JUVE.MI,2022-01-23,2022-01-24,D,0,0.351,0,0.00473
JUVE.MI,2022-02-06,2022-02-07,W,1,0.622,0,-0.00524
JUVE.MI,2022-02-13,2022-02-14,D,0,0.396,0,-0.00318
JUVE.MI,2022-02-18,2022-02-21,D,1,0.602,0,-0.00017
JUVE.MI,2022-02-26,2022-02-28,W,0,0.574,0,0.0417
JUVE.MI,2022-03-06,2022-03-07,W,1,0.776,0,-0.0494
JUVE.MI,2022-03-12,2022-03-14,W,0,0.575,0,0.02797
JUVE.MI,2022-03-20,2022-03-21,W,1,0.791,0,0.04576
JUVE.MI,2022-04-03,2022-04-04,L,1,0.34,0,-0.00056
JUVE.MI,2022-04-09,2022-04-11,W,0,0.6,0,-0.00259
JUVE.MI,2022-04-16,2022-04-19,D,1,0.715,0,0.00299
JUVE.MI,2022-04-25,2022-04-26,W,0,0.529,0,-0.0219
JUVE.MI,2022-05-01,2022-05-02,W,1,0.791,0,-0.00441
JUVE.MI,2022-05-06,2022-05-09,L,0,0.461,0,-0.00176
JUVE.MI,2022-05-16,2022-05-17,D,1,0.417,0,0.0111
JUVE.MI,2022-05-21,2022-05-23,L,0,0.225,0,0.04673
JUVE.MI,2022-08-15,2022-08-16,W,1,0.663,0,0.00277
JUVE.MI,2022-08-22,2022-08-23,D,0,0.596,0,-0.05642
JUVE.MI,2022-08-27,2022-08-29,D,1,0.41,0,0.02137
JUVE.MI,2022-08-31,2022-09-01,W,1,0.752,0,-0.01131
JUVE.MI,2022-09-03,2022-09-05,D,0,0.394,0,-0.00763
JUVE.MI,2022-09-11,2022-09-12,D,1,0.678,0,-0.01658
JUVE.MI,2022-09-18,2022-09-19,L,0,0.526,0,-0.0203
JUVE.MI,2022-10-02,2022-10-03,W,1,0.634,0,-0.0215
JUVE.MI,2022-10-08,2022-10-10,L,0,0.262,0,-0.02832
JUVE.MI,2022-10-15,2022-10-17,W,0,0.379,0,0.01322
JUVE.MI,2022-10-21,2022-10-24,W,1,0.676,0,-0.03516
JUVE.MI,2022-10-29,2022-10-31,W,0,0.496,0,-0.0008
JUVE.MI,2022-11-06,2022-11-07,W,1,0.311,0,0.0789
JUVE.MI,2022-11-10,2022-11-11,W,0,0.565,0,0.00461
JUVE.MI,2022-11-13,2022-11-14,W,1,0.489,0,0.00222
JUVE.MI,2023-01-04,2023-01-05,W,0,0.558,0,-0.00145
JUVE.MI,2023-01-07,2023-01-09,W,1,0.541,0,-0.01852
JUVE.MI,2023-01-13,2023-01-16,L,0,0.236,0,0.00552
JUVE.MI,2023-01-22,2023-01-23,D,1,0.451,0,-0.05148
JUVE.MI,2023-01-29,2023-01-30,L,1,0.615,0,-0.02073
JUVE.MI,2023-02-07,2023-02-08,W,0,0.636,0,0.0314
JUVE.MI,2023-02-12,2023-02-13,W,1,0.518,0,-0.00224
JUVE.MI,2023-02-19,2023-02-20,W,0,0.588,0,0.01372
JUVE.MI,2023-02-28,2023-03-01,W,1,0.548,0,-0.00383
JUVE.MI,2023-03-05,2023-03-06,L,0,0.33,0,-0.02008
JUVE.MI,2023-03-12,2023-03-13,W,1,0.708,0,0.01228
JUVE.MI,2023-03-19,2023-03-20,W,0,0.234,0,-0.00685
JUVE.MI,2023-04-01,2023-04-03,W,1,0.672,0,0.02219
JUVE.MI,2023-04-08,2023-04-11,L,0,0.327,0,0.00567
JUVE.MI,2023-04-16,2023-04-17,L,0,0.477,0,0.00966
JUVE.MI,2023-04-23,2023-04-24,L,1,0.329,0,-0.03106
JUVE.MI,2023-04-30,2023-05-02,D,0,0.432,0,0.02136
JUVE.MI,2023-05-03,2023-05-04,W,1,0.593,0,0.00338
JUVE.MI,2023-05-07,2023-05-08,W,0,0.307,0,0.02048
JUVE.MI,2023-05-14,2023-05-15,W,1,0.696,0,-0.00256
JUVE.MI,2023-05-22,2023-05-23,L,0,0.575,0,0.02986
JUVE.MI,2023-05-28,2023-05-29,L,1,0.413,0,-0.00522
JUVE.MI,2023-06-04,2023-06-05,W,0,0.483,0,0.0067
JUVE.MI,2023-08-20,2023-08-21,W,0,0.518,0,0.02265
JUVE.MI,2023-08-27,2023-08-28,D,1,0.632,0,-0.00995
JUVE.MI,2023-09-03,2023-09-04,W,0,0.569,0,-0.04957
JUVE.MI,2023-09-16,2023-09-18,W,1,0.499,0,0.01897
JUVE.MI,2023-09-23,2023-09-25,L,0,0.526,0,-0.0212
JUVE.MI,2023-09-26,2023-09-27,W,1,0.636,0,-0.01953
JUVE.MI,2023-10-01,2023-10-02,D,0,0.34,0,0.0032
JUVE.MI,2023-10-07,2023-10-09,W,1,0.495,0,-0.08065
JUVE.MI,2023-10-22,2023-10-23,W,0,0.297,0,0.02487
JUVE.MI,2023-10-28,2023-10-30,W,1,0.693,0,-0.00438
JUVE.MI,2023-11-05,2023-11-06,W,0,0.374,0,0.00232
JUVE.MI,2023-11-11,2023-11-13,W,1,0.693,0,-0.00428
JUVE.MI,2023-11-26,2023-11-27,D,1,0.287,0,-0.00311
JUVE.MI,2023-12-01,2023-12-04,W,0,0.487,0,-0.00341
JUVE.MI,2023-12-08,2023-12-11,W,1,0.419,0,-0.00512
JUVE.MI,2023-12-15,2023-12-18,D,0,0.5,0,0.00181
JUVE.MI,2023-12-23,2023-12-27,W,0,0.588,0,0.02571
JUVE.MI,2023-12-30,2024-01-02,W,1,0.461,0,-4e-05
JUVE.MI,2024-01-07,2024-01-08,W,0,0.668,0,0.00185
JUVE.MI,2024-01-16,2024-01-17,W,1,0.668,0,0.00997
JUVE.MI,2024-01-21,2024-01-22,W,0,0.573,0,-0.05549
JUVE.MI,2024-01-27,2024-01-29,D,1,0.733,0,-0.00625
JUVE.MI,2024-02-04,2024-02-05,L,0,0.2,0,0.01319
JUVE.MI,2024-02-12,2024-02-13,L,1,0.667,0,0.00932
JUVE.MI,2024-02-17,2024-02-19,D,0,0.566,0,-0.00617
JUVE.MI,2024-02-25,2024-02-26,W,1,0.732,0,0.00736
JUVE.MI,2024-03-03,2024-03-04,L,0,0.29,0,-0.14384
JUVE.MI,2024-03-10,2024-03-11,D,1,0.429,0,0.03937
JUVE.MI,2024-03-17,2024-03-18,D,1,0.629,0,0.047
JUVE.MI,2024-03-30,2024-04-02,L,0,0.388,0,-0.03659
JUVE.MI,2024-04-07,2024-04-08,W,1,0.52,0,0.01495
JUVE.MI,2024-04-13,2024-04-15,D,0,0.431,0,-0.01532
JUVE.MI,2024-04-19,2024-04-22,D,0,0.541,0,0.02604
JUVE.MI,2024-04-27,2024-04-29,D,1,0.451,0,0.03051
JUVE.MI,2024-05-05,2024-05-06,D,0,0.356,0,-0.01351
JUVE.MI,2024-05-12,2024-05-13,D,1,0.833,0,0.01964
JUVE.MI,2024-05-20,2024-05-21,D,0,0.306,0,-0.01928
JUVE.MI,2024-05-25,2024-05-27,W,1,0.715,0,-0.00344
JUVE.MI,2024-08-19,2024-08-20,W,1,0.711,0,-0.02239
JUVE.MI,2024-08-26,2024-08-27,W,0,0.567,0,0.00212
JUVE.MI,2024-09-01,2024-09-02,D,1,0.545,0,-0.14837
JUVE.MI,2024-09-14,2024-09-16,D,0,0.557,0,-0.02825
JUVE.MI,2024-09-21,2024-09-23,D,1,0.432,0,0.00239
JUVE.MI,2024-09-28,2024-09-30,W,0,0.557,0,0.05046
JUVE.MI,2024-10-06,2024-10-07,D,1,0.69,0,-0.04642
JUVE.MI,2024-10-19,2024-10-21,W,1,0.463,0,0.00753
JUVE.MI,2024-10-27,2024-10-28,D,0,0.187,0,0.00615
JUVE.MI,2024-10-30,2024-10-31,D,1,0.68,0,-0.04887
JUVE.MI,2024-11-02,2024-11-04,W,0,0.482,0,0.0163
JUVE.MI,2024-11-09,2024-11-11,W,1,0.604,0,0.0552
JUVE.MI,2024-11-23,2024-11-25,D,0,0.271,0,0.00877
JUVE.MI,2024-12-01,2024-12-02,D,0,0.557,0,-0.04448
JUVE.MI,2024-12-07,2024-12-09,D,1,0.557,0,-0.01911
JUVE.MI,2024-12-14,2024-12-16,D,1,0.718,0,-0.02206
JUVE.MI,2024-12-22,2024-12-23,W,0,0.576,0,-0.02199
JUVE.MI,2024-12-29,2024-12-30,D,1,0.487,0,0.00048
JUVE.MI,2025-01-11,2025-01-13,D,0,0.52,0,-0.01358
JUVE.MI,2025-01-14,2025-01-15,D,0,0.256,0,-0.00633
JUVE.MI,2025-01-18,2025-01-20,W,1,0.438,0,0.02123
JUVE.MI,2025-01-25,2025-01-27,L,0,0.25,0,-0.00118
JUVE.MI,2025-02-02,2025-02-03,W,1,0.696,0,-0.02279
JUVE.MI,2025-02-07,2025-02-10,W,0,0.464,0,0.00488
JUVE.MI,2025-02-16,2025-02-17,W,1,0.28,0,0.0895
JUVE.MI,2025-02-23,2025-02-24,W,0,0.498,0,0.02275
JUVE.MI,2025-03-03,2025-03-04,W,1,0.731,0,0.01124
JUVE.MI,2025-03-09,2025-03-10,L,1,0.379,0,-0.04296
JUVE.MI,2025-03-16,2025-03-17,L,0,0.423,0,0.01961
JUVE.MI,2025-03-29,2025-03-31,W,1,0.621,0,-0.02213
JUVE.MI,2025-04-06,2025-04-07,D,0,0.316,0,0.04331
JUVE.MI,2025-04-12,2025-04-14,W,1,0.7,0,-0.0221
JUVE.MI,2025-04-23,2025-04-24,L,0,0.539,0,-0.00859
JUVE.MI,2025-04-27,2025-04-28,W,1,0.794,0,-0.03499
JUVE.MI,2025-05-04,2025-05-05,D,0,0.297,0,0.04691
JUVE.MI,2025-05-10,2025-05-12,D,0,0.316,0,0.00236
JUVE.MI,2025-05-18,2025-05-19,W,1,0.688,0,-0.03246
JUVE.MI,2025-05-25,2025-05-26,W,0,0.617,0,-0.05156
JUVE.MI,2025-08-24,2025-08-25,W,1,0.672,0,-0.00282
JUVE.MI,2025-08-31,2025-09-01,W,0,0.511,0,-0.00678
JUVE.MI,2025-09-13,2025-09-15,W,1,0.343,0,0.00829
JUVE.MI,2025-09-20,2025-09-22,D,0,0.611,0,-0.02325
JUVE.MI,2025-09-27,2025-09-29,D,1,0.512,0,-0.01915
JUVE.MI,2025-10-05,2025-10-06,D,1,0.352,0,0.00144
JUVE.MI,2025-10-19,2025-10-20,L,0,0.379,0,-0.00556
JUVE.MI,2025-10-26,2025-10-27,L,0,0.412,0,-0.00341
JUVE.MI,2025-10-29,2025-10-30,W,1,0.658,0,-0.01597
JUVE.MI,2025-11-01,2025-11-03,W,0,0.634,0,-0.0049
JUVE.MI,2025-11-08,2025-11-10,D,1,0.633,0,-0.02529
JUVE.MI,2025-11-22,2025-11-24,D,0,0.476,0,-0.00968
JUVE.MI,2025-11-29,2025-12-01,W,1,0.732,0,0.01128
JUVE.MI,2025-12-07,2025-12-08,L,0,0.292,0,-0.02881
JUVE.MI,2025-12-14,2025-12-15,W,0,0.379,0,0.17594
JUVE.MI,2025-12-20,2025-12-22,W,1,0.486,0,0.02504
JUVE.MI,2025-12-27,2025-12-29,W,0,0.668,0,0.01145
JUVE.MI,2026-01-03,2026-01-05,D,1,0.753,0,-0.0404
JUVE.MI,2026-01-06,2026-01-07,W,0,0.567,0,-0.01236
JUVE.MI,2026-01-12,2026-01-13,W,1,0.767,0,0.00432
JUVE.MI,2026-01-17,2026-01-19,L,0,0.626,0,-0.02173
JUVE.MI,2026-01-25,2026-01-26,W,1,0.464,0,0.00286
JUVE.MI,2026-02-01,2026-02-02,W,0,0.654,0,-0.0199
JUVE.MI,2026-02-08,2026-02-09,D,1,0.645,0,-0.01995
JUVE.MI,2026-02-14,2026-02-16,L,0,0.232,0,-0.00312
JUVE.MI,2026-02-21,2026-02-23,L,1,0.47,0,-0.0235
JUVE.MI,2026-03-01,2026-03-02,D,0,0.331,0,-0.00847
JUVE.MI,2026-03-07,2026-03-09,W,1,0.761,0,-0.01481
JUVE.MI,2026-03-14,2026-03-16,W,0,0.61,0,-0.02461
JUVE.MI,2026-03-21,2026-03-23,D,1,0.714,0,-0.02323
JUVE.MI,2026-04-06,2026-04-07,W,1,0.689,0,-0.00458
JUVE.MI,2026-04-11,2026-04-13,W,0,0.405,0,0.0091
JUVE.MI,2026-04-19,2026-04-20,W,1,0.639,0,0.00897
JUVE.MI,2026-04-26,2026-04-27,D,0,0.388,0,-0.00407
JUVE.MI,2026-05-03,2026-05-04,D,1,0.776,0,0.01067
JUVE.MI,2026-05-09,2026-05-11,W,0,0.643,0,0.00041
JUVE.MI,2026-05-17,2026-05-18,L,1,0.703,0,-0.02763
JUVE.MI,2026-05-24,2026-05-25,D,0,0.665,0,0.04872
MANU,2021-08-22,2021-08-23,D,0,0.603,0,0.00471
MANU,2021-08-29,2021-08-30,W,0,0.541,0,-0.04398
MANU,2021-09-11,2021-09-13,W,1,0.809,0,0.022
MANU,2021-09-19,2021-09-20,W,0,0.543,0,-0.00155
MANU,2021-09-25,2021-09-27,L,1,0.7,0,0.02792
MANU,2021-10-02,2021-10-04,D,1,0.654,0,-0.00785
MANU,2021-10-16,2021-10-18,L,0,0.464,0,-0.0012
MANU,2021-10-24,2021-10-25,L,1,0.306,0,-0.01065
MANU,2021-10-30,2021-11-01,W,0,0.403,0,0.0176
MANU,2021-11-06,2021-11-08,L,1,0.201,0,0.00402
MANU,2021-11-20,2021-11-22,L,0,0.654,0,-0.00349
MANU,2021-11-28,2021-11-29,D,0,0.158,0,-0.01103
MANU,2021-12-02,2021-12-03,W,1,0.49,0,0.00487
MANU,2021-12-05,2021-12-06,W,1,0.634,0,-0.00084
MANU,2021-12-11,2021-12-13,W,0,0.654,0,-0.01572
MANU,2021-12-27,2021-12-28,D,0,0.656,0,0.00168
MANU,2021-12-30,2021-12-31,W,1,0.703,0,-0.00011
MANU,2022-01-03,2022-01-04,L,1,0.622,0,-0.0013
MANU,2022-01-15,2022-01-18,D,0,0.397,0,0.00323
MANU,2022-01-19,2022-01-20,W,0,0.53,0,-0.01002
MANU,2022-01-22,2022-01-24,W,1,0.513,0,-0.00129
MANU,2022-02-08,2022-02-09,D,0,0.59,0,-0.00488
MANU,2022-02-12,2022-02-14,D,1,0.591,0,-0.02251
MANU,2022-02-15,2022-02-16,W,1,0.549,0,-0.00013
MANU,2022-02-20,2022-02-22,W,0,0.51,0,-0.00083
MANU,2022-02-26,2022-02-28,D,1,0.728,0,0.01398
MANU,2022-03-06,2022-03-07,L,0,0.126,0,0.00812
MANU,2022-03-12,2022-03-14,W,1,0.43,0,-0.00052
MANU,2022-04-02,2022-04-04,D,1,0.632,0,-0.01279
MANU,2022-04-09,2022-04-11,L,0,0.541,0,-0.02798
MANU,2022-04-16,2022-04-18,W,1,0.759,0,0.00628
MANU,2022-04-19,2022-04-20,L,0,0.135,0,0.00938
MANU,2022-04-23,2022-04-25,L,0,0.27,0,0.0215
MANU,2022-04-28,2022-04-29,D,1,0.297,0,0.02945
MANU,2022-05-02,2022-05-03,W,1,0.552,0,0.01173
MANU,2022-05-07,2022-05-09,L,0,0.388,0,-0.02692
MANU,2022-05-22,2022-05-23,L,0,0.421,0,-0.0194
MANU,2022-08-07,2022-08-08,L,1,0.593,0,0.00391
MANU,2022-08-13,2022-08-15,L,0,0.475,0,-0.00667
MANU,2022-08-22,2022-08-23,W,1,0.182,0,0.01236
MANU,2022-08-27,2022-08-29,W,0,0.532,0,-0.00155
MANU,2022-09-01,2022-09-02,W,0,0.465,0,0.01151
MANU,2022-09-04,2022-09-06,W,1,0.379,0,0.07495
MANU,2022-10-02,2022-10-03,L,0,0.126,0,-0.00646
MANU,2022-10-09,2022-10-10,W,0,0.464,0,-0.01697
MANU,2022-10-16,2022-10-17,D,1,0.483,0,-0.0089
MANU,2022-10-19,2022-10-20,W,1,0.386,0,-0.00017
MANU,2022-10-22,2022-10-24,D,0,0.27,0,-0.02748
MANU,2022-10-30,2022-10-31,W,1,0.568,0,0.00426
MANU,2022-11-06,2022-11-07,L,0,0.457,0,0.02856
MANU,2022-11-13,2022-11-14,W,0,0.5,0,-0.0016
MANU,2022-12-27,2022-12-28,W,1,0.74,0,-0.02191
MANU,2022-12-31,2023-01-03,W,0,0.498,0,-0.02229
MANU,2023-01-03,2023-01-04,W,1,0.74,0,0.01876
MANU,2023-01-14,2023-01-17,W,1,0.225,0,-0.00561
MANU,2023-01-18,2023-01-19,D,0,0.526,0,0.00699
MANU,2023-01-22,2023-01-23,L,0,0.225,0,-0.02648
MANU,2023-02-04,2023-02-06,W,1,0.68,0,-0.0153
MANU,2023-02-08,2023-02-09,D,1,0.653,0,0.09294
MANU,2023-02-12,2023-02-13,W,0,0.497,0,-0.00482
MANU,2023-02-19,2023-02-21,W,1,0.594,0,-0.11484
MANU,2023-03-05,2023-03-06,L,0,0.332,0,0.0269
MANU,2023-03-12,2023-03-13,D,1,0.703,0,0.02101
MANU,2023-04-02,2023-04-03,L,0,0.327,0,-0.03195
MANU,2023-04-05,2023-04-06,W,1,0.574,0,0.00819
MANU,2023-04-08,2023-04-10,W,1,0.634,0,-0.018
MANU,2023-04-16,2023-04-17,W,0,0.588,0,-0.10863
MANU,2023-04-27,2023-04-28,D,0,0.396,0,-0.0321
MANU,2023-04-30,2023-05-01,W,1,0.55,0,-0.04547
MANU,2023-05-04,2023-05-05,L,0,0.25,0,-0.02566
MANU,2023-05-07,2023-05-08,L,0,0.465,0,-0.01896
MANU,2023-05-13,2023-05-15,W,1,0.688,0,0.03757
MANU,2023-05-20,2023-05-22,W,0,0.639,0,0.04552
MANU,2023-05-25,2023-05-26,W,1,0.592,0,-0.0229
MANU,2023-05-28,2023-05-30,W,1,0.626,0,-0.01562
MANU,2023-08-14,2023-08-15,W,1,0.72,0,-0.01596
MANU,2023-08-19,2023-08-21,L,0,0.398,0,-0.02432
MANU,2023-08-26,2023-08-28,W,1,0.725,0,0.00138
MANU,2023-09-03,2023-09-05,L,0,0.21,0,-0.17991
MANU,2023-09-16,2023-09-18,L,1,0.438,0,0.01861
MANU,2023-09-23,2023-09-25,W,0,0.548,0,0.03918
MANU,2023-09-30,2023-10-02,L,1,0.61,0,-0.01958
MANU,2023-10-07,2023-10-09,W,1,0.572,0,-0.03154
MANU,2023-10-21,2023-10-23,W,0,0.675,0,-0.02637
MANU,2023-10-29,2023-10-30,L,1,0.188,0,0.00924
MANU,2023-11-04,2023-11-06,W,0,0.435,0,-0.0303
MANU,2023-11-11,2023-11-13,W,1,0.718,0,-0.0092
MANU,2023-11-26,2023-11-27,W,0,0.371,0,0.0227
MANU,2023-12-02,2023-12-04,L,0,0.25,0,0.01799
MANU,2023-12-06,2023-12-07,W,1,0.331,0,-0.01848
MANU,2023-12-09,2023-12-11,L,1,0.614,0,-0.0135
MANU,2023-12-17,2023-12-18,D,0,0.118,0,-0.00821
MANU,2023-12-23,2023-12-26,L,0,0.367,0,0.03134
MANU,2023-12-26,2023-12-27,W,1,0.365,0,0.00123
MANU,2023-12-30,2024-01-02,L,0,0.441,0,-0.00911
MANU,2024-01-14,2024-01-16,D,1,0.431,0,0.00103
MANU,2024-02-01,2024-02-02,W,0,0.373,0,-0.00183
MANU,2024-02-04,2024-02-05,W,1,0.585,0,0.00769
MANU,2024-02-11,2024-02-12,W,0,0.306,0,-0.07215
MANU,2024-02-18,2024-02-20,W,0,0.526,0,-0.00061
MANU,2024-02-24,2024-02-26,L,1,0.607,0,-0.0096
MANU,2024-03-03,2024-03-04,L,0,0.085,0,-0.03128
MANU,2024-03-09,2024-03-11,W,1,0.509,0,-0.01146
MANU,2024-03-30,2024-04-01,D,0,0.432,0,-0.00553
MANU,2024-04-04,2024-04-05,L,0,0.282,0,0.01206
MANU,2024-04-07,2024-04-08,D,1,0.199,0,-0.00413
MANU,2024-04-13,2024-04-15,D,0,0.364,0,-0.00992
MANU,2024-04-24,2024-04-25,W,1,0.728,0,0.01959
MANU,2024-04-27,2024-04-29,D,1,0.63,0,0.02074
MANU,2024-05-06,2024-05-07,L,0,0.342,0,0.02008
MANU,2024-05-12,2024-05-13,L,1,0.135,0,0.01631
MANU,2024-05-15,2024-05-16,W,1,0.347,0,-0.00438
MANU,2024-05-19,2024-05-20,W,0,0.325,0,0.00208
MANU,2024-08-16,2024-08-19,W,1,0.593,0,0.01912
MANU,2024-08-24,2024-08-26,L,0,0.362,0,-0.01165
MANU,2024-09-01,2024-09-03,L,1,0.258,0,0.00283
MANU,2024-09-14,2024-09-16,W,0,0.555,0,0.01429
MANU,2024-09-21,2024-09-23,D,0,0.415,0,0.00296
MANU,2024-09-29,2024-09-30,L,1,0.403,0,-0.02114
MANU,2024-10-06,2024-10-07,D,0,0.316,0,-0.02112
MANU,2024-10-19,2024-10-21,W,1,0.561,0,-0.00648
MANU,2024-10-27,2024-10-28,L,0,0.415,0,-0.00572
MANU,2024-11-03,2024-11-04,D,1,0.365,0,-0.00099
MANU,2024-11-10,2024-11-11,W,1,0.683,0,0.01137
MANU,2024-11-24,2024-11-25,D,0,0.584,0,-0.01876
MANU,2024-12-01,2024-12-02,W,1,0.618,0,0.01642
MANU,2024-12-04,2024-12-05,L,0,0.135,0,-0.0098
MANU,2024-12-07,2024-12-09,L,1,0.576,0,-0.01091
MANU,2024-12-15,2024-12-16,W,0,0.189,0,0.01753
MANU,2024-12-22,2024-12-23,L,1,0.526,0,-0.01006
MANU,2024-12-26,2024-12-27,L,0,0.499,0,-0.00053
MANU,2024-12-30,2024-12-31,L,1,0.349,0,0.0052
MANU,2025-01-05,2025-01-06,D,0,0.118,0,-0.01084
MANU,2025-01-16,2025-01-17,W,1,0.74,0,-0.02064
MANU,2025-01-19,2025-01-21,L,1,0.451,0,0.01801
MANU,2025-01-26,2025-01-27,W,0,0.307,0,0.00063
MANU,2025-02-02,2025-02-03,L,1,0.477,0,-0.00068
MANU,2025-02-16,2025-02-18,L,0,0.361,0,-0.01203
MANU,2025-02-22,2025-02-24,D,0,0.326,0,0.0221
MANU,2025-02-26,2025-02-27,W,1,0.622,0,0.0225
MANU,2025-03-09,2025-03-10,D,1,0.166,0,-0.0103
MANU,2025-03-16,2025-03-17,W,0,0.518,0,-0.01156
MANU,2025-04-01,2025-04-02,L,0,0.307,0,0.00088
MANU,2025-04-06,2025-04-07,D,1,0.281,0,-0.0162
MANU,2025-04-13,2025-04-14,L,0,0.2,0,0.00867
MANU,2025-04-20,2025-04-21,L,1,0.474,0,0.00411
MANU,2025-04-27,2025-04-28,D,0,0.207,0,-0.00144
MANU,2025-05-04,2025-05-05,L,0,0.199,0,0.00645
MANU,2025-05-11,2025-05-12,L,1,0.499,0,0.00131
MANU,2025-05-16,2025-05-19,L,0,0.152,0,0.02725
MANU,2025-05-25,2025-05-27,W,1,0.218,0,0.03389
MANU,2025-08-17,2025-08-18,L,1,0.26,0,-0.01262
MANU,2025-08-24,2025-08-25,D,0,0.439,0,-0.01312
MANU,2025-08-30,2025-09-02,W,1,0.704,0,-0.08234
MANU,2025-09-14,2025-09-15,L,0,0.225,0,-0.02211
MANU,2025-09-20,2025-09-22,W,1,0.364,0,-0.00632
MANU,2025-09-27,2025-09-29,L,0,0.473,0,0.00584
MANU,2025-10-04,2025-10-06,W,1,0.634,0,0.00461
MANU,2025-10-19,2025-10-20,W,0,0.191,0,0.03831
MANU,2025-10-25,2025-10-27,W,1,0.483,0,-0.00569
MANU,2025-11-01,2025-11-03,D,0,0.461,0,-0.03746
MANU,2025-11-08,2025-11-10,D,0,0.378,0,0.00551
MANU,2025-11-24,2025-11-25,L,1,0.543,0,0.00851
MANU,2025-11-30,2025-12-01,W,0,0.307,0,-0.00397
MANU,2025-12-04,2025-12-05,D,1,0.653,0,-0.00343
MANU,2025-12-08,2025-12-09,W,0,0.539,0,-0.00943
MANU,2025-12-15,2025-12-16,D,1,0.516,0,0.00312
MANU,2025-12-21,2025-12-22,L,0,0.287,0,-0.00429
MANU,2025-12-26,2025-12-29,W,1,0.372,0,0.00687
MANU,2025-12-30,2025-12-31,D,1,0.7,0,-0.00513
MANU,2026-01-04,2026-01-05,D,0,0.361,0,0.00971
MANU,2026-01-07,2026-01-08,D,0,0.561,0,0.00269
MANU,2026-01-17,2026-01-20,W,1,0.256,0,0.01832
MANU,2026-01-25,2026-01-26,W,0,0.159,0,0.02397
MANU,2026-02-01,2026-02-02,W,1,0.601,0,-0.00816
MANU,2026-02-07,2026-02-09,W,1,0.601,0,0.00775
MANU,2026-02-10,2026-02-11,D,0,0.561,0,-0.01436
MANU,2026-02-23,2026-02-24,W,0,0.494,0,0.01393
MANU,2026-03-01,2026-03-02,W,1,0.618,0,-0.01667
MANU,2026-03-04,2026-03-05,L,0,0.366,0,-0.00416
MANU,2026-03-15,2026-03-16,W,1,0.55,0,0.02025
MANU,2026-03-20,2026-03-23,D,0,0.453,0,0.01669
MANU,2026-04-13,2026-04-14,L,1,0.582,0,-0.00197
MANU,2026-04-18,2026-04-20,W,0,0.297,0,0.0205
MANU,2026-04-27,2026-04-28,W,1,0.513,0,0.01779
MANU,2026-05-03,2026-05-04,W,1,0.41,0,-0.01455
MANU,2026-05-09,2026-05-11,D,0,0.508,0,-0.0416
MANU,2026-05-17,2026-05-18,W,1,0.593,0,0.04121
MANU,2026-05-24,2026-05-26,W,0,0.263,0,-0.01808
SCB.LS,2021-08-20,2021-08-23,W,0,0.56,0,-0.00249
SCB.LS,2021-08-29,2021-08-30,D,1,0.554,0,-0.00219
SCB.LS,2021-09-11,2021-09-13,D,0,0.51,0,-0.00525
SCB.LS,2021-09-20,2021-09-21,W,1,0.691,0,-0.00387
SCB.LS,2021-09-26,2021-09-27,D,0,0.492,0,-0.0026
SCB.LS,2021-10-03,2021-10-04,D,1,0.641,0,-0.00292
SCB.LS,2021-10-25,2021-10-26,W,0,0.492,0,-0.00084
SCB.LS,2021-11-01,2021-11-02,W,1,0.649,0,-0.00024
SCB.LS,2021-11-07,2021-11-08,L,0,0.164,0,-0.00232
SCB.LS,2021-11-30,2021-12-01,W,1,0.656,0,-0.00316
SCB.LS,2021-12-05,2021-12-06,W,1,0.63,0,-0.00511
SCB.LS,2021-12-12,2021-12-13,L,0,0.146,0,-0.00152
SCB.LS,2021-12-19,2021-12-20,W,1,0.794,0,0.00038
SCB.LS,2021-12-30,2021-12-31,W,0,0.559,0,-0.00156
SCB.LS,2022-01-09,2022-01-10,D,1,0.675,0,-0.00047
SCB.LS,2022-01-15,2022-01-17,L,1,0.673,0,-0.00157
SCB.LS,2022-01-22,2022-01-24,W,0,0.172,0,0.00392
SCB.LS,2022-01-30,2022-01-31,W,1,0.65,0,-0.0032
SCB.LS,2022-02-05,2022-02-07,L,0,0.461,0,-0.00162
SCB.LS,2022-02-12,2022-02-14,W,1,0.68,0,0.00138
SCB.LS,2022-02-20,2022-02-21,W,0,0.596,0,0.00335
SCB.LS,2022-02-28,2022-03-01,D,1,0.622,0,0.00072
SCB.LS,2022-03-05,2022-03-07,D,0,0.524,0,-0.00398
SCB.LS,2022-03-13,2022-03-14,L,1,0.496,0,-0.00043
SCB.LS,2022-03-20,2022-03-21,W,0,0.493,0,-0.00177
SCB.LS,2022-04-01,2022-04-04,W,1,0.315,0,-0.00206
SCB.LS,2022-04-10,2022-04-11,W,0,0.491,0,-0.00182
SCB.LS,2022-04-18,2022-04-19,D,0,0.474,0,-0.00075
SCB.LS,2022-04-25,2022-04-26,W,1,0.231,0,0.00104
SCB.LS,2022-04-30,2022-05-02,W,0,0.558,0,0.0006
SCB.LS,2022-05-08,2022-05-09,W,1,0.563,0,0.00388
SCB.LS,2022-05-15,2022-05-16,L,0,0.428,0,-0.00293
SCB.LS,2022-08-07,2022-08-08,D,1,0.242,0,-0.00436
SCB.LS,2022-08-12,2022-08-15,W,0,0.466,0,-0.00252
SCB.LS,2022-08-21,2022-08-22,W,1,0.688,0,0.00637
SCB.LS,2022-08-28,2022-08-29,W,0,0.563,0,0.00135
SCB.LS,2022-09-03,2022-09-05,W,1,0.687,0,-0.00163
SCB.LS,2022-09-11,2022-09-12,W,0,0.6,0,-0.00484
SCB.LS,2022-09-18,2022-09-19,W,1,0.716,0,-0.00142
SCB.LS,2022-09-30,2022-10-03,L,0,0.231,0,-0.00526
SCB.LS,2022-10-09,2022-10-10,L,1,0.727,0,0.19994
SCB.LS,2022-10-22,2022-10-24,W,0,0.552,0,-0.00427
SCB.LS,2022-10-30,2022-10-31,W,0,0.545,0,0.19857
SCB.LS,2022-11-06,2022-11-07,L,1,0.676,0,0.03332
SCB.LS,2022-11-13,2022-11-14,W,0,0.563,0,0.00555
SCB.LS,2022-12-30,2023-01-02,W,1,0.207,0,-0.00528
SCB.LS,2023-01-05,2023-01-06,W,0,0.559,0,-0.00261
SCB.LS,2023-01-14,2023-01-16,W,1,0.721,0,-0.0011
SCB.LS,2023-01-21,2023-01-23,W,0,0.641,0,-0.00365
SCB.LS,2023-02-01,2023-02-02,L,0,0.25,0,-0.00335
SCB.LS,2023-02-05,2023-02-06,W,1,0.68,0,-0.00104
SCB.LS,2023-02-12,2023-02-13,W,0,0.596,0,0.00018
SCB.LS,2023-02-19,2023-02-20,W,1,0.663,0,-0.00156
SCB.LS,2023-02-27,2023-02-28,L,0,0.487,0,-0.0027
SCB.LS,2023-03-05,2023-03-06,W,1,0.657,0,-0.00077
SCB.LS,2023-03-11,2023-03-13,W,0,0.487,0,0.00272
SCB.LS,2023-03-19,2023-03-20,D,1,0.288,0,-0.00324
SCB.LS,2023-04-02,2023-04-03,W,0,0.558,0,0.00638
SCB.LS,2023-04-08,2023-04-11,W,1,0.712,0,-0.10133
SCB.LS,2023-04-16,2023-04-17,W,1,0.693,0,-0.00294
SCB.LS,2023-04-21,2023-04-24,W,0,0.572,0,-0.00159
SCB.LS,2023-04-29,2023-05-02,W,1,0.75,0,0.00122
SCB.LS,2023-05-06,2023-05-08,L,0,0.171,0,-0.00305
SCB.LS,2023-05-14,2023-05-15,W,1,0.764,0,0.00768
SCB.LS,2023-05-20,2023-05-22,D,0,0.602,0,-2e-05
SCB.LS,2023-05-27,2023-05-29,W,1,0.77,0,-0.0018
SCB.LS,2023-08-11,2023-08-14,L,1,0.645,0,-0.00132
SCB.LS,2023-08-19,2023-08-21,W,0,0.555,0,-0.00219
SCB.LS,2023-09-03,2023-09-04,D,1,0.325,0,-0.00168
SCB.LS,2023-09-09,2023-09-11,W,0,0.524,0,-0.0025
SCB.LS,2023-09-16,2023-09-18,L,0,0.554,0,0.00087
SCB.LS,2023-09-24,2023-09-25,W,1,0.615,0,-3e-05
SCB.LS,2023-09-28,2023-09-29,W,0,0.548,0,-0.0029
SCB.LS,2023-10-07,2023-10-09,W,1,0.698,0,-0.00353
SCB.LS,2023-10-28,2023-10-30,D,0,0.52,0,-0.0018
SCB.LS,2023-11-04,2023-11-06,W,1,0.75,0,-0.00126
SCB.LS,2023-11-12,2023-11-13,W,0,0.588,0,-0.00324
SCB.LS,2023-12-03,2023-12-04,W,1,0.686,0,-0.00304
SCB.LS,2023-12-08,2023-12-11,W,0,0.602,0,0.00019
SCB.LS,2023-12-17,2023-12-18,L,1,0.311,0,-0.0003
SCB.LS,2023-12-30,2024-01-02,W,0,0.584,0,-0.00347
SCB.LS,2024-01-06,2024-01-08,D,1,0.588,0,8e-05
SCB.LS,2024-01-14,2024-01-15,L,0,0.208,0,-0.00057
SCB.LS,2024-01-18,2024-01-19,W,0,0.522,0,-0.00135
SCB.LS,2024-01-31,2024-02-01,D,1,0.759,0,0.09833
SCB.LS,2024-02-04,2024-02-05,W,1,0.63,0,-0.00054
SCB.LS,2024-02-11,2024-02-12,L,0,0.158,0,-0.00388
SCB.LS,2024-02-18,2024-02-19,W,1,0.728,0,-0.00164
SCB.LS,2024-02-26,2024-02-27,W,0,0.518,0,-0.00296
SCB.LS,2024-03-02,2024-03-04,W,1,0.698,0,-0.00086
SCB.LS,2024-03-09,2024-03-11,D,0,0.526,0,-0.00173
SCB.LS,2024-03-16,2024-03-18,W,1,0.669,0,-0.00295
SCB.LS,2024-04-01,2024-04-02,W,0,0.654,0,-0.0025
SCB.LS,2024-04-06,2024-04-08,L,1,0.661,0,-0.00315
SCB.LS,2024-04-13,2024-04-15,W,0,0.55,0,0.00055
SCB.LS,2024-04-20,2024-04-22,W,1,0.74,0,-0.00872
SCB.LS,2024-04-27,2024-04-29,L,0,0.166,0,-0.00372
SCB.LS,2024-05-05,2024-05-06,W,1,0.714,0,-0.00176
SCB.LS,2024-05-11,2024-05-13,W,0,0.445,0,0.09882
SCB.LS,2024-05-18,2024-05-20,L,1,0.293,0,-0.00209
SCB.LS,2024-08-11,2024-08-12,D,1,0.678,0,-0.00181
SCB.LS,2024-08-18,2024-08-19,W,0,0.588,0,-0.0037
SCB.LS,2024-08-25,2024-08-26,W,1,0.602,0,-0.00217
SCB.LS,2024-09-01,2024-09-02,D,0,0.544,0,-0.00205
SCB.LS,2024-09-15,2024-09-16,L,1,0.47,0,-0.00022
SCB.LS,2024-09-20,2024-09-23,W,0,0.572,0,-0.00227
SCB.LS,2024-09-29,2024-09-30,W,1,0.687,0,-0.00118
SCB.LS,2024-10-06,2024-10-07,L,0,0.157,0,-0.00304
SCB.LS,2024-10-27,2024-10-28,W,1,0.708,0,0.00015
SCB.LS,2024-11-03,2024-11-04,W,0,0.543,0,-0.00133
SCB.LS,2024-11-10,2024-11-11,L,1,0.179,0,-0.00268
SCB.LS,2024-12-01,2024-12-02,W,0,0.588,0,0.00011
SCB.LS,2024-12-06,2024-12-09,D,1,0.771,0,-0.00223
SCB.LS,2024-12-16,2024-12-17,D,1,0.633,0,-1e-05
SCB.LS,2024-12-22,2024-12-23,W,0,0.406,0,-0.00258
SCB.LS,2024-12-29,2024-12-30,L,1,0.665,0,-0.00144
SCB.LS,2025-01-04,2025-01-06,W,0,0.134,0,-0.00134
SCB.LS,2025-01-19,2025-01-20,W,0,0.564,0,-0.00226
SCB.LS,2025-01-26,2025-01-27,W,1,0.77,0,-0.00048
SCB.LS,2025-02-03,2025-02-04,W,0,0.501,0,-0.00322
SCB.LS,2025-02-09,2025-02-10,W,1,0.606,0,-0.00331
SCB.LS,2025-02-16,2025-02-17,D,0,0.342,0,-0.0007
SCB.LS,2025-02-21,2025-02-24,W,1,0.597,0,-0.00491
SCB.LS,2025-03-02,2025-03-03,L,0,0.514,0,-0.00199
SCB.LS,2025-03-08,2025-03-10,W,1,0.284,0,-0.13019
SCB.LS,2025-03-15,2025-03-17,W,0,0.507,0,-0.00406
SCB.LS,2025-03-29,2025-03-31,W,1,0.552,0,0.00085
SCB.LS,2025-04-07,2025-04-08,D,0,0.15,0,-0.00731
SCB.LS,2025-04-13,2025-04-14,W,1,0.681,0,-0.00357
SCB.LS,2025-04-19,2025-04-22,W,0,0.479,0,-0.00448
SCB.LS,2025-04-25,2025-04-28,D,0,0.427,0,0.0004
SCB.LS,2025-05-03,2025-05-05,D,1,0.544,0,-0.00263
SCB.LS,2025-05-10,2025-05-12,L,0,0.593,0,-0.00519
SCB.LS,2025-05-17,2025-05-19,D,1,0.188,0,-0.00203
SCB.LS,2025-08-10,2025-08-11,W,1,0.673,0,-0.00071
SCB.LS,2025-08-17,2025-08-18,W,0,0.58,0,-0.00423
SCB.LS,2025-08-24,2025-08-25,D,1,0.703,0,-4e-05
SCB.LS,2025-08-31,2025-09-01,D,0,0.549,0,-0.00296
SCB.LS,2025-09-14,2025-09-15,L,1,0.637,0,-0.00212
SCB.LS,2025-09-20,2025-09-22,D,0,0.394,0,-0.00203
SCB.LS,2025-09-28,2025-09-29,L,1,0.664,0,-0.00236
SCB.LS,2025-10-05,2025-10-06,D,0,0.132,0,-0.00321
SCB.LS,2025-10-26,2025-10-27,W,1,0.663,0,-0.00121
SCB.LS,2025-11-02,2025-11-03,L,0,0.148,0,-0.0021
SCB.LS,2025-11-09,2025-11-10,W,1,0.674,0,-0.0048
SCB.LS,2025-12-01,2025-12-02,W,0,0.621,0,-0.00421
SCB.LS,2025-12-06,2025-12-08,W,0,0.453,0,-0.00168
SCB.LS,2025-12-15,2025-12-16,W,1,0.623,0,-0.00131
SCB.LS,2025-12-19,2025-12-22,L,0,0.597,0,-0.00113
SCB.LS,2025-12-28,2025-12-29,D,1,0.28,0,-0.0017
SCB.LS,2026-01-03,2026-01-05,D,0,0.642,0,-0.0033
SCB.LS,2026-01-18,2026-01-19,W,0,0.593,0,0.00019
SCB.LS,2026-01-25,2026-01-26,W,1,0.678,0,-0.0021
SCB.LS,2026-02-02,2026-02-03,W,0,0.685,0,-0.00448
SCB.LS,2026-02-08,2026-02-09,W,1,0.76,0,-0.00579
SCB.LS,2026-02-14,2026-02-16,L,0,0.455,0,-0.00298
SCB.LS,2026-02-21,2026-02-23,W,1,0.601,0,-0.00509
SCB.LS,2026-02-28,2026-03-02,W,0,0.612,0,-0.00156
SCB.LS,2026-03-07,2026-03-09,D,1,0.274,0,-5e-05
SCB.LS,2026-03-22,2026-03-23,L,1,0.272,0,-0.00215
SCB.LS,2026-04-04,2026-04-07,W,0,0.614,0,-0.00157
SCB.LS,2026-04-12,2026-04-13,W,1,0.678,0,0.00048
SCB.LS,2026-04-19,2026-04-20,D,1,0.52,0,-0.00147
SCB.LS,2026-04-23,2026-04-24,W,0,0.609,0,0.00023
SCB.LS,2026-04-26,2026-04-27,L,0,0.43,0,-0.00283
SCB.LS,2026-05-03,2026-05-04,D,1,0.551,0,0.0022
SCB.LS,2026-05-11,2026-05-12,D,0,0.131,0,0.00092
SCB.LS,2026-05-16,2026-05-18,D,1,0.586,0,-0.00409
SCB.LS,2026-08-09,2026-08-10,D,0,0.558,0,-0.00106
SCP.LS,2021-08-21,2021-08-23,W,1,0.796,0,-0.03778
SCP.LS,2021-08-28,2021-08-30,D,0,0.647,0,0.01153
SCP.LS,2021-09-11,2021-09-13,D,1,0.36,1,0.04605
SCP.LS,2021-09-19,2021-09-20,W,0,0.584,0,-0.02301
SCP.LS,2021-09-24,2021-09-27,W,1,0.76,0,0.05641
SCP.LS,2021-10-02,2021-10-04,W,0,0.668,0,-0.00153
SCP.LS,2021-10-23,2021-10-25,W,1,0.766,0,0.03798
SCP.LS,2021-10-30,2021-11-01,W,1,0.609,0,0.05572
SCP.LS,2021-11-07,2021-11-08,W,0,0.621,0,0.03782
SCP.LS,2021-11-28,2021-11-29,W,1,0.792,0,-0.06208
SCP.LS,2021-12-03,2021-12-06,W,0,0.262,1,-0.00322
SCP.LS,2021-12-11,2021-12-13,W,1,0.794,0,-0.00623
SCP.LS,2021-12-18,2021-12-20,W,0,0.611,0,0.04561
SCP.LS,2021-12-29,2021-12-30,W,1,0.732,0,0.05978
SCP.LS,2022-01-07,2022-01-10,L,0,0.678,0,-0.05582
SCP.LS,2022-01-16,2022-01-17,W,0,0.74,0,0.09475
SCP.LS,2022-01-22,2022-01-24,L,1,0.591,0,-0.04387
SCP.LS,2022-02-02,2022-02-03,W,0,0.739,0,-0.00528
SCP.LS,2022-02-06,2022-02-07,W,1,0.7,0,-0.00655
SCP.LS,2022-02-11,2022-02-14,D,0,0.237,1,0.00179
SCP.LS,2022-02-20,2022-02-21,W,1,0.751,0,0.00331
SCP.LS,2022-02-26,2022-02-28,D,0,0.673,0,-0.00247
SCP.LS,2022-03-05,2022-03-07,W,1,0.742,0,-0.02615
SCP.LS,2022-03-14,2022-03-15,W,0,0.68,0,0.00585
SCP.LS,2022-03-19,2022-03-21,W,0,0.555,0,-0.00064
SCP.LS,2022-04-03,2022-04-04,W,1,0.766,0,0.01104
SCP.LS,2022-04-09,2022-04-11,W,0,0.692,0,-0.00068
SCP.LS,2022-04-17,2022-04-19,L,1,0.473,1,-0.08874
SCP.LS,2022-04-25,2022-04-26,W,0,0.646,0,-0.02201
SCP.LS,2022-05-01,2022-05-02,W,1,0.715,0,0.00119
SCP.LS,2022-05-07,2022-05-09,W,0,0.688,0,0.00371
SCP.LS,2022-05-14,2022-05-16,W,1,0.763,0,0.02752
SCP.LS,2022-08-07,2022-08-08,D,0,0.478,0,-0.0121
SCP.LS,2022-08-13,2022-08-15,W,1,0.761,0,-0.00122
SCP.LS,2022-08-20,2022-08-22,L,0,0.268,1,0.01346
SCP.LS,2022-08-27,2022-08-29,L,1,0.813,0,0.0334
SCP.LS,2022-09-02,2022-09-05,W,0,0.642,0,-0.00053
SCP.LS,2022-09-10,2022-09-12,W,1,0.71,0,-0.04782
SCP.LS,2022-09-17,2022-09-19,L,0,0.642,0,0.00211
SCP.LS,2022-09-30,2022-10-03,W,1,0.716,0,-0.02041
SCP.LS,2022-10-08,2022-10-10,W,0,0.611,0,-0.0377
SCP.LS,2022-10-22,2022-10-24,W,1,0.715,0,0.02758
SCP.LS,2022-10-29,2022-10-31,L,0,0.644,0,-0.00221
SCP.LS,2022-11-05,2022-11-07,W,1,0.704,0,0.00115
SCP.LS,2022-11-13,2022-11-14,W,0,0.575,0,-0.00164
SCP.LS,2022-12-29,2022-12-30,W,1,0.837,0,0.00139
SCP.LS,2023-01-08,2023-01-09,L,0,0.682,0,-0.001
SCP.LS,2023-01-15,2023-01-16,D,0,0.242,1,-0.00013
SCP.LS,2023-01-20,2023-01-23,W,1,0.727,0,0.04919
SCP.LS,2023-02-01,2023-02-02,W,1,0.49,0,-0.02686
SCP.LS,2023-02-06,2023-02-07,W,0,0.641,0,0.04773
SCP.LS,2023-02-12,2023-02-13,L,1,0.355,1,-0.00939
SCP.LS,2023-02-20,2023-02-21,W,0,0.656,0,-0.00039
SCP.LS,2023-02-27,2023-02-28,W,1,0.764,0,0.00382
SCP.LS,2023-03-04,2023-03-06,W,0,0.679,0,-0.01269
SCP.LS,2023-03-12,2023-03-13,W,1,0.757,0,0.00282
SCP.LS,2023-04-01,2023-04-03,W,1,0.819,0,-0.00137
SCP.LS,2023-04-05,2023-04-06,D,0,0.634,0,0.16007
SCP.LS,2023-04-09,2023-04-11,W,0,0.678,0,0.05198
SCP.LS,2023-04-16,2023-04-17,D,1,0.787,0,-0.00154
SCP.LS,2023-04-24,2023-04-25,W,0,0.599,0,-0.00034
SCP.LS,2023-04-30,2023-05-02,W,1,0.732,0,0.00166
SCP.LS,2023-05-07,2023-05-08,W,0,0.682,0,0.00478
SCP.LS,2023-05-13,2023-05-15,W,1,0.763,0,0.12037
SCP.LS,2023-05-21,2023-05-22,D,1,0.358,1,0.00071
SCP.LS,2023-05-26,2023-05-29,W,0,0.654,0,0.10882
SCP.LS,2023-08-12,2023-08-14,W,1,0.805,0,0.02121
SCP.LS,2023-08-18,2023-08-21,W,0,0.656,0,-0.12202
SCP.LS,2023-08-27,2023-08-28,W,1,0.751,0,0.09984
SCP.LS,2023-09-03,2023-09-04,D,0,0.428,0,0.01133
SCP.LS,2023-09-17,2023-09-18,W,1,0.771,0,-0.10685
SCP.LS,2023-09-25,2023-09-26,W,1,0.781,0,0.0057
SCP.LS,2023-09-30,2023-10-02,W,0,0.647,0,0.00012
SCP.LS,2023-10-08,2023-10-09,W,1,0.738,0,-0.002
SCP.LS,2023-10-30,2023-10-31,W,0,0.639,0,-0.00152
SCP.LS,2023-11-05,2023-11-06,W,1,0.75,0,-0.03914
SCP.LS,2023-11-12,2023-11-13,L,0,0.311,1,0.00972
SCP.LS,2023-12-04,2023-12-05,W,1,0.785,0,0.00492
SCP.LS,2023-12-09,2023-12-11,L,0,0.578,0,0.00087
SCP.LS,2023-12-18,2023-12-19,W,1,0.434,1,0.05981
SCP.LS,2023-12-30,2024-01-02,W,0,0.715,0,-0.00195
SCP.LS,2024-01-05,2024-01-08,W,1,0.751,0,0.02591
SCP.LS,2024-01-13,2024-01-15,W,0,0.742,0,0.00029
SCP.LS,2024-01-18,2024-01-19,W,0,0.688,0,0.01032
SCP.LS,2024-01-29,2024-01-30,W,1,0.787,0,0.00373
SCP.LS,2024-02-11,2024-02-12,W,1,0.632,0,-0.01237
SCP.LS,2024-02-19,2024-02-20,W,0,0.688,0,0.02008
SCP.LS,2024-02-25,2024-02-26,D,0,0.693,0,-0.01468
SCP.LS,2024-03-03,2024-03-04,W,1,0.843,0,6e-05
SCP.LS,2024-03-10,2024-03-11,W,0,0.68,0,-0.00061
SCP.LS,2024-03-17,2024-03-18,W,1,0.827,0,-0.03313
SCP.LS,2024-03-29,2024-04-02,W,0,0.791,0,0.0409
SCP.LS,2024-04-06,2024-04-08,W,1,0.49,1,-0.03798
SCP.LS,2024-04-12,2024-04-15,W,0,0.756,0,0.0437
SCP.LS,2024-04-16,2024-04-17,W,0,0.73,0,-0.0008
SCP.LS,2024-04-21,2024-04-22,W,1,0.732,0,0.04136
SCP.LS,2024-04-28,2024-04-29,D,0,0.352,1,-0.00215
SCP.LS,2024-05-04,2024-05-06,W,1,0.877,0,-0.00063
SCP.LS,2024-05-11,2024-05-13,W,0,0.654,0,0.00555
SCP.LS,2024-05-18,2024-05-20,W,1,0.874,0,0.00455
SCP.LS,2024-08-09,2024-08-12,W,1,0.809,0,0.01082
SCP.LS,2024-08-17,2024-08-19,W,0,0.75,0,-0.00213
SCP.LS,2024-08-23,2024-08-26,W,0,0.787,0,-0.00095
SCP.LS,2024-08-31,2024-09-02,W,1,0.536,1,-0.01197
SCP.LS,2024-09-13,2024-09-16,W,0,0.771,0,-0.01043
SCP.LS,2024-09-22,2024-09-23,W,1,0.881,0,0.03055
SCP.LS,2024-09-27,2024-09-30,W,0,0.803,0,-0.04781
SCP.LS,2024-10-05,2024-10-07,W,1,0.833,0,-0.00162
SCP.LS,2024-10-26,2024-10-28,W,0,0.694,0,0.00084
SCP.LS,2024-11-01,2024-11-04,W,1,0.866,0,-0.0003
SCP.LS,2024-11-10,2024-11-11,W,0,0.598,0,-0.02134
SCP.LS,2024-11-30,2024-12-02,L,1,0.801,0,0.00589
SCP.LS,2024-12-05,2024-12-06,L,0,0.691,0,0.00131
SCP.LS,2024-12-14,2024-12-16,W,1,0.866,0,-0.00076
SCP.LS,2024-12-22,2024-12-23,D,0,0.685,0,-0.06376
SCP.LS,2024-12-29,2024-12-30,W,1,0.377,1,0.00514
SCP.LS,2025-01-03,2025-01-06,D,0,0.483,0,0.03266
SCP.LS,2025-01-18,2025-01-20,W,0,0.728,0,-0.00102
SCP.LS,2025-01-25,2025-01-27,W,1,0.823,0,-0.03057
SCP.LS,2025-02-02,2025-02-03,W,1,0.827,0,-0.01977
SCP.LS,2025-02-07,2025-02-10,D,0,0.366,1,-0.00183
SCP.LS,2025-02-15,2025-02-17,D,1,0.751,0,-0.01046
SCP.LS,2025-02-23,2025-02-24,D,0,0.704,0,0.00769
SCP.LS,2025-03-03,2025-03-04,W,1,0.781,0,0.00202
SCP.LS,2025-03-09,2025-03-10,W,0,0.614,0,-0.00899
SCP.LS,2025-03-15,2025-03-17,W,1,0.724,0,-0.00241
SCP.LS,2025-03-29,2025-03-31,W,0,0.707,0,0.00138
SCP.LS,2025-04-07,2025-04-08,D,1,0.615,0,-0.00492
SCP.LS,2025-04-12,2025-04-14,W,0,0.588,0,-0.00203
SCP.LS,2025-04-18,2025-04-22,W,1,0.771,0,-0.03808
SCP.LS,2025-04-27,2025-04-28,W,0,0.771,0,0.05103
SCP.LS,2025-05-04,2025-05-05,W,1,0.83,0,0.07012
SCP.LS,2025-05-10,2025-05-12,D,0,0.285,1,-0.04874
SCP.LS,2025-05-17,2025-05-19,W,1,0.751,0,-0.00084
SCP.LS,2025-08-08,2025-08-11,W,0,0.707,0,0.00017
SCP.LS,2025-08-17,2025-08-18,W,1,0.732,0,-0.00254
SCP.LS,2025-08-23,2025-08-25,W,0,0.739,0,0.01632
SCP.LS,2025-08-30,2025-09-01,L,1,0.475,1,-0.02117
SCP.LS,2025-09-13,2025-09-15,W,0,0.677,0,-0.00091
SCP.LS,2025-09-22,2025-09-23,W,1,0.791,0,-0.00241
SCP.LS,2025-09-27,2025-09-29,W,0,0.736,0,-0.0011
SCP.LS,2025-10-05,2025-10-06,D,1,0.655,0,-0.00176
SCP.LS,2025-10-26,2025-10-27,W,0,0.744,0,-0.03452
SCP.LS,2025-10-31,2025-11-03,W,1,0.843,0,0.00911
SCP.LS,2025-11-08,2025-11-10,W,0,0.663,0,0.01722
SCP.LS,2025-11-30,2025-12-01,W,1,0.836,0,-0.03478
SCP.LS,2025-12-05,2025-12-08,D,0,0.351,1,-0.00057
SCP.LS,2025-12-13,2025-12-15,W,1,0.873,0,0.00812
SCP.LS,2025-12-23,2025-12-24,W,0,0.663,0,-0.0008
SCP.LS,2025-12-28,2025-12-29,W,1,0.817,0,0.00951
SCP.LS,2026-01-02,2026-01-05,D,0,0.645,0,-0.01173
SCP.LS,2026-01-16,2026-01-19,W,1,0.787,0,0.00087
SCP.LS,2026-01-24,2026-01-26,W,0,0.756,0,-0.04089
SCP.LS,2026-02-01,2026-02-02,W,1,0.837,0,-0.05525
SCP.LS,2026-02-09,2026-02-10,D,0,0.274,1,0.05166
SCP.LS,2026-02-15,2026-02-16,W,1,0.733,0,0.00833
SCP.LS,2026-02-21,2026-02-23,W,0,0.73,0,-0.0032
SCP.LS,2026-02-27,2026-03-02,W,1,0.801,0,0.03013
SCP.LS,2026-03-07,2026-03-09,D,0,0.444,0,0.00068
SCP.LS,2026-03-22,2026-03-23,W,0,0.724,0,0.01947
SCP.LS,2026-04-03,2026-04-07,W,1,0.723,0,0.02515
SCP.LS,2026-04-11,2026-04-13,W,0,0.775,0,0.00109
SCP.LS,2026-04-19,2026-04-20,L,1,0.443,1,-0.00041
SCP.LS,2026-04-26,2026-04-27,D,0,0.841,0,-0.00146
SCP.LS,2026-04-29,2026-04-30,D,1,0.824,0,-0.00284
SCP.LS,2026-05-04,2026-05-05,W,1,0.739,0,-0.00048
SCP.LS,2026-05-11,2026-05-12,W,0,0.741,0,0.00143
SCP.LS,2026-05-16,2026-05-18,W,1,0.755,0,-0.00243
SCP.LS,2026-08-08,2026-08-10,D,0,0.761,0,-9e-05
SCP.LS,2026-08-14,2026-08-17,W,1,0.709,0,5e-05
SLBEN.LS,2021-08-21,2021-08-23,W,0,0.599,0,0.03074
SLBEN.LS,2021-08-29,2021-08-30,W,1,0.791,0,0.01785
SLBEN.LS,2021-09-11,2021-09-13,W,0,0.613,0,0.02786
SLBEN.LS,2021-09-20,2021-09-21,W,1,0.784,0,-0.0115
SLBEN.LS,2021-09-25,2021-09-27,W,0,0.573,0,-0.00301
SLBEN.LS,2021-10-03,2021-10-04,L,1,0.791,0,-0.0051
SLBEN.LS,2021-10-24,2021-10-25,W,0,0.65,0,0.05067
SLBEN.LS,2021-10-30,2021-11-01,D,0,0.663,0,-0.03723
SLBEN.LS,2021-11-07,2021-11-08,W,1,0.6,0,0.01774
SLBEN.LS,2021-11-27,2021-11-29,W,0,0.776,0,-0.01607
SLBEN.LS,2021-12-03,2021-12-06,L,1,0.46,1,-0.03839
SLBEN.LS,2021-12-12,2021-12-13,W,0,0.655,0,0.03854
SLBEN.LS,2021-12-19,2021-12-20,W,1,0.828,0,-0.04878
SLBEN.LS,2021-12-30,2021-12-31,L,0,0.228,1,-0.0177
SLBEN.LS,2022-01-09,2022-01-10,W,1,0.799,0,0.01079
SLBEN.LS,2022-01-15,2022-01-17,D,1,0.797,0,-0.00282
SLBEN.LS,2022-01-21,2022-01-24,W,0,0.729,0,-0.04252
SLBEN.LS,2022-02-02,2022-02-03,L,1,0.715,0,0.01248
SLBEN.LS,2022-02-07,2022-02-08,W,0,0.707,0,-0.04613
SLBEN.LS,2022-02-12,2022-02-14,W,1,0.737,0,-0.04104
SLBEN.LS,2022-02-18,2022-02-21,D,0,0.662,0,0.00023
SLBEN.LS,2022-02-27,2022-02-28,W,1,0.698,0,-0.04111
SLBEN.LS,2022-03-05,2022-03-07,W,0,0.647,0,-0.03185
SLBEN.LS,2022-03-11,2022-03-14,D,1,0.742,0,-0.03925
SLBEN.LS,2022-03-20,2022-03-21,W,1,0.7,0,0.00525
SLBEN.LS,2022-04-01,2022-04-04,L,0,0.394,0,-0.02972
SLBEN.LS,2022-04-09,2022-04-11,W,1,0.79,0,-0.00069
SLBEN.LS,2022-04-17,2022-04-19,W,0,0.256,1,0.00257
SLBEN.LS,2022-04-23,2022-04-25,D,1,0.698,0,-0.02182
SLBEN.LS,2022-04-30,2022-05-02,W,0,0.618,0,-0.00026
SLBEN.LS,2022-05-07,2022-05-09,L,1,0.316,1,0.00033
SLBEN.LS,2022-05-13,2022-05-16,W,0,0.596,0,0.03887
SLBEN.LS,2022-08-05,2022-08-08,W,1,0.805,0,0.03818
SLBEN.LS,2022-08-13,2022-08-15,W,0,0.751,0,-0.00355
SLBEN.LS,2022-08-27,2022-08-29,W,0,0.691,0,-0.00792
SLBEN.LS,2022-08-30,2022-08-31,W,1,0.883,0,-0.0163
SLBEN.LS,2022-09-02,2022-09-05,W,1,0.799,0,0.04235
SLBEN.LS,2022-09-10,2022-09-12,W,0,0.662,0,-0.02467
SLBEN.LS,2022-09-18,2022-09-19,W,1,0.85,0,-0.02897
SLBEN.LS,2022-10-01,2022-10-03,D,0,0.688,0,-0.01482
SLBEN.LS,2022-10-08,2022-10-10,W,1,0.797,0,0.0384
SLBEN.LS,2022-10-21,2022-10-24,W,0,0.31,1,-0.01168
SLBEN.LS,2022-10-29,2022-10-31,W,1,0.794,0,0.01504
SLBEN.LS,2022-11-06,2022-11-07,W,0,0.725,0,-0.00877
SLBEN.LS,2022-11-13,2022-11-14,W,1,0.826,0,-0.00091
SLBEN.LS,2022-12-30,2023-01-02,L,0,0.548,0,0.00123
SLBEN.LS,2023-01-06,2023-01-09,W,1,0.804,0,-0.00333
SLBEN.LS,2023-01-15,2023-01-16,D,1,0.512,1,-0.00565
SLBEN.LS,2023-01-21,2023-01-23,W,0,0.72,0,0.01457
SLBEN.LS,2023-01-26,2023-01-27,W,0,0.783,0,0.02547
SLBEN.LS,2023-01-31,2023-02-01,W,0,0.704,0,0.00921
SLBEN.LS,2023-02-04,2023-02-06,W,1,0.794,0,-0.00551
SLBEN.LS,2023-02-20,2023-02-21,W,1,0.796,0,-0.01328
SLBEN.LS,2023-02-25,2023-02-27,W,0,0.681,0,0.00169
SLBEN.LS,2023-03-03,2023-03-06,W,1,0.815,0,0.00209
SLBEN.LS,2023-03-12,2023-03-13,W,0,0.751,0,-0.00505
SLBEN.LS,2023-03-18,2023-03-20,W,1,0.802,0,0.01476
SLBEN.LS,2023-04-02,2023-04-03,W,0,0.696,0,0.01515
SLBEN.LS,2023-04-07,2023-04-11,L,1,0.483,1,0.0096
SLBEN.LS,2023-04-15,2023-04-17,L,0,0.722,0,-0.01931
SLBEN.LS,2023-04-23,2023-04-24,W,1,0.853,0,0.00484
SLBEN.LS,2023-04-29,2023-05-02,W,0,0.71,0,-0.02626
SLBEN.LS,2023-05-06,2023-05-08,W,1,0.606,0,0.053
SLBEN.LS,2023-05-13,2023-05-15,W,0,0.75,0,0.01204
SLBEN.LS,2023-05-21,2023-05-22,D,0,0.365,1,0.00223
SLBEN.LS,2023-05-27,2023-05-29,W,1,0.875,0,0.00712
SLBEN.LS,2023-08-14,2023-08-15,L,0,0.724,0,0.00523
SLBEN.LS,2023-08-19,2023-08-21,W,1,0.862,0,-0.00076
SLBEN.LS,2023-08-26,2023-08-28,W,0,0.727,0,-0.00374
SLBEN.LS,2023-09-02,2023-09-04,W,1,0.774,0,0.00795
SLBEN.LS,2023-09-16,2023-09-18,W,0,0.704,0,0.0027
SLBEN.LS,2023-09-24,2023-09-25,W,0,0.761,0,-0.00327
SLBEN.LS,2023-09-29,2023-10-02,W,1,0.497,1,0.0173
SLBEN.LS,2023-10-07,2023-10-09,W,0,0.722,0,0.03888
SLBEN.LS,2023-10-28,2023-10-30,D,1,0.778,0,-0.00725
SLBEN.LS,2023-11-04,2023-11-06,W,0,0.727,0,-0.01027
SLBEN.LS,2023-11-12,2023-11-13,W,1,0.415,1,-0.0074
SLBEN.LS,2023-12-03,2023-12-04,D,0,0.626,0,-0.00742
SLBEN.LS,2023-12-08,2023-12-11,D,1,0.809,0,-0.017
SLBEN.LS,2023-12-17,2023-12-18,W,0,0.406,0,-0.00042
SLBEN.LS,2023-12-29,2024-01-02,W,1,0.733,0,0.00943
SLBEN.LS,2024-01-06,2024-01-08,W,0,0.639,0,0.02752
SLBEN.LS,2024-01-14,2024-01-15,W,1,0.787,0,0.01265
SLBEN.LS,2024-01-19,2024-01-22,W,1,0.837,0,-0.02436
SLBEN.LS,2024-01-29,2024-01-30,W,0,0.73,0,-0.01772
SLBEN.LS,2024-02-04,2024-02-05,W,1,0.809,0,-0.0173
SLBEN.LS,2024-02-11,2024-02-12,D,0,0.588,0,-0.0183
SLBEN.LS,2024-02-18,2024-02-19,W,1,0.843,0,0.00289
SLBEN.LS,2024-02-25,2024-02-26,W,1,0.844,0,-0.0215
SLBEN.LS,2024-03-03,2024-03-04,L,0,0.336,1,-0.01825
SLBEN.LS,2024-03-10,2024-03-11,W,1,0.81,0,-0.01131
SLBEN.LS,2024-03-17,2024-03-18,W,0,0.715,0,0.00273
SLBEN.LS,2024-03-29,2024-04-02,W,1,0.864,0,0.10445
SLBEN.LS,2024-04-06,2024-04-08,L,0,0.255,1,-0.00449
SLBEN.LS,2024-04-14,2024-04-15,W,1,0.756,0,0.0033
SLBEN.LS,2024-04-22,2024-04-23,W,0,0.68,0,-0.00109
SLBEN.LS,2024-04-27,2024-04-29,W,1,0.614,0,-0.04199
SLBEN.LS,2024-05-05,2024-05-06,L,0,0.693,0,0.05195
SLBEN.LS,2024-05-12,2024-05-13,W,1,0.751,0,-0.00725
SLBEN.LS,2024-05-17,2024-05-20,D,0,0.665,0,0.06973
SLBEN.LS,2024-08-11,2024-08-12,L,0,0.65,0,0.09098
SLBEN.LS,2024-08-17,2024-08-19,W,1,0.796,0,-0.00663
SLBEN.LS,2024-08-24,2024-08-26,W,1,0.801,0,-0.02715
SLBEN.LS,2024-08-30,2024-09-02,D,0,0.65,0,0.04326
SLBEN.LS,2024-09-14,2024-09-16,W,1,0.75,0,0.05272
SLBEN.LS,2024-09-23,2024-09-24,W,0,0.756,0,-0.0008
SLBEN.LS,2024-09-28,2024-09-30,W,1,0.781,0,-0.03608
SLBEN.LS,2024-10-27,2024-10-28,W,1,0.803,0,0.00928
SLBEN.LS,2024-11-02,2024-11-04,W,0,0.77,0,-0.0006
SLBEN.LS,2024-11-10,2024-11-11,W,1,0.447,1,-0.03554
SLBEN.LS,2024-12-01,2024-12-02,W,0,0.738,0,-0.00633
SLBEN.LS,2024-12-07,2024-12-09,W,1,0.715,0,-0.01569
SLBEN.LS,2024-12-15,2024-12-16,D,0,0.794,0,-0.00988
SLBEN.LS,2024-12-19,2024-12-20,W,0,0.754,0,-0.00058
SLBEN.LS,2024-12-23,2024-12-24,W,1,0.862,0,-0.00077
SLBEN.LS,2024-12-29,2024-12-30,L,0,0.362,1,-0.01297
SLBEN.LS,2025-01-04,2025-01-06,L,1,0.659,0,-0.00372
SLBEN.LS,2025-01-17,2025-01-20,W,1,0.751,0,0.00235
SLBEN.LS,2025-01-25,2025-01-27,L,0,0.688,0,-0.03094
SLBEN.LS,2025-02-02,2025-02-03,W,0,0.731,0,-0.00034
SLBEN.LS,2025-02-08,2025-02-10,W,1,0.794,0,-0.00723
SLBEN.LS,2025-02-15,2025-02-17,W,0,0.564,0,0.00909
SLBEN.LS,2025-02-22,2025-02-24,W,1,0.846,0,0.02432
SLBEN.LS,2025-03-08,2025-03-10,W,1,0.778,0,-0.00644
SLBEN.LS,2025-03-16,2025-03-17,W,0,0.678,0,-0.00109
SLBEN.LS,2025-03-28,2025-03-31,W,0,0.669,0,0.02146
SLBEN.LS,2025-04-02,2025-04-03,W,1,0.839,0,0.02269
SLBEN.LS,2025-04-06,2025-04-07,W,0,0.377,1,0.00093
SLBEN.LS,2025-04-13,2025-04-14,D,1,0.809,0,-0.06507
SLBEN.LS,2025-04-19,2025-04-22,W,0,0.587,0,-0.05892
SLBEN.LS,2025-04-27,2025-04-28,W,1,0.87,0,-0.00017
SLBEN.LS,2025-05-03,2025-05-05,W,0,0.797,0,0.05801
SLBEN.LS,2025-05-10,2025-05-12,D,1,0.447,1,0.04371
SLBEN.LS,2025-05-17,2025-05-19,D,0,0.582,0,0.0554
SLBEN.LS,2025-08-16,2025-08-18,W,0,0.783,0,0.00631
SLBEN.LS,2025-08-23,2025-08-25,W,1,0.809,0,-0.02251
SLBEN.LS,2025-08-31,2025-09-01,W,0,0.786,0,-0.0224
SLBEN.LS,2025-09-12,2025-09-15,D,1,0.716,0,0.00226
SLBEN.LS,2025-09-20,2025-09-22,W,0,0.798,0,0.00227
SLBEN.LS,2025-09-23,2025-09-24,D,1,0.785,0,-0.02516
SLBEN.LS,2025-09-26,2025-09-29,W,1,0.705,0,-0.01313
SLBEN.LS,2025-10-05,2025-10-06,D,0,0.255,1,-0.00696
SLBEN.LS,2025-10-25,2025-10-27,W,1,0.798,0,0.01212
SLBEN.LS,2025-11-01,2025-11-03,W,0,0.651,0,0.00866
SLBEN.LS,2025-11-09,2025-11-10,D,1,0.808,0,0.00809
SLBEN.LS,2025-11-29,2025-12-01,W,0,0.684,0,0.00946
SLBEN.LS,2025-12-05,2025-12-08,D,1,0.344,1,-0.024
SLBEN.LS,2025-12-14,2025-12-15,W,0,0.684,0,-0.00419
SLBEN.LS,2025-12-22,2025-12-23,W,1,0.693,0,0.01198
SLBEN.LS,2025-12-28,2025-12-29,D,0,0.44,0,-0.00067
SLBEN.LS,2026-01-03,2026-01-05,W,1,0.77,0,-0.00406
SLBEN.LS,2026-01-17,2026-01-19,W,0,0.724,0,-0.00033
SLBEN.LS,2026-01-25,2026-01-26,W,1,0.847,0,-0.0038
SLBEN.LS,2026-02-01,2026-02-02,D,0,0.77,0,0.00836
SLBEN.LS,2026-02-08,2026-02-09,W,1,0.799,0,-0.01058
SLBEN.LS,2026-02-13,2026-02-16,W,0,0.612,0,-0.01569
SLBEN.LS,2026-02-21,2026-02-23,W,1,0.862,0,0.01981
SLBEN.LS,2026-03-02,2026-03-03,W,0,0.591,0,0.0039
SLBEN.LS,2026-03-08,2026-03-09,D,1,0.442,1,-0.02159
SLBEN.LS,2026-03-14,2026-03-16,W,0,0.746,0,0.01758
SLBEN.LS,2026-03-21,2026-03-23,W,1,0.727,0,-0.02738
SLBEN.LS,2026-04-06,2026-04-07,D,0,0.775,0,-0.00696
SLBEN.LS,2026-04-12,2026-04-13,W,1,0.825,0,-0.00028
SLBEN.LS,2026-04-19,2026-04-20,W,0,0.291,1,0.02361
SLBEN.LS,2026-04-25,2026-04-27,W,1,0.827,0,0.00218
SLBEN.LS,2026-05-02,2026-05-04,D,0,0.596,0,-0.00496
SLBEN.LS,2026-05-11,2026-05-12,D,1,0.658,0,-0.02401
SLBEN.LS,2026-05-16,2026-05-18,W,0,0.712,0,0.02144
SLBEN.LS,2026-08-09,2026-08-10,D,1,0.851,0,0.01424
SLBEN.LS,2026-08-17,2026-08-18,W,0,0.775,0,-0.00099
SSL.MI,2021-08-21,2021-08-23,W,0,0.557,0,0.01574
SSL.MI,2021-08-28,2021-08-30,W,1,0.704,0,0.02623
SSL.MI,2021-09-12,2021-09-13,L,0,0.306,0,-0.02335
SSL.MI,2021-09-19,2021-09-20,D,1,0.663,0,-0.0311
SSL.MI,2021-09-23,2021-09-24,D,0,0.439,0,-0.01507
SSL.MI,2021-09-26,2021-09-27,W,1,0.363,0,0.0073
SSL.MI,2021-10-03,2021-10-04,L,0,0.431,0,-0.02697
SSL.MI,2021-10-16,2021-10-18,W,1,0.288,0,0.00468
SSL.MI,2021-10-24,2021-10-25,L,0,0.431,0,-0.03098
SSL.MI,2021-10-27,2021-10-28,W,1,0.485,0,-0.00964
SSL.MI,2021-10-30,2021-11-01,D,0,0.25,0,-0.00076
SSL.MI,2021-11-07,2021-11-08,W,1,0.728,0,0.00911
SSL.MI,2021-11-20,2021-11-22,L,1,0.317,0,-0.01491
SSL.MI,2021-11-28,2021-11-29,L,0,0.22,0,-0.018
SSL.MI,2021-12-02,2021-12-03,D,1,0.57,0,-0.00354
SSL.MI,2021-12-05,2021-12-06,W,0,0.464,0,-0.01527
SSL.MI,2021-12-12,2021-12-13,L,0,0.379,0,-0.01364
SSL.MI,2021-12-17,2021-12-20,W,1,0.622,0,-0.02692
SSL.MI,2021-12-22,2021-12-23,W,0,0.512,0,-0.00346
SSL.MI,2022-01-06,2022-01-07,D,1,0.594,0,-0.00197
SSL.MI,2022-01-09,2022-01-10,L,0,0.135,0,0.0052
SSL.MI,2022-01-15,2022-01-17,W,0,0.654,0,0.02208
SSL.MI,2022-01-22,2022-01-24,D,1,0.297,0,-0.01043
SSL.MI,2022-02-05,2022-02-07,W,0,0.328,0,0.0034
SSL.MI,2022-02-12,2022-02-14,W,1,0.561,0,-0.00418
SSL.MI,2022-02-20,2022-02-21,D,0,0.387,0,-0.01021
SSL.MI,2022-02-27,2022-02-28,L,1,0.344,0,-0.00174
SSL.MI,2022-03-05,2022-03-07,W,0,0.447,0,-0.00725
SSL.MI,2022-03-14,2022-03-15,W,1,0.715,0,-0.02573
SSL.MI,2022-03-20,2022-03-21,L,0,0.346,0,-0.00495
SSL.MI,2022-04-02,2022-04-04,W,1,0.55,0,-0.00245
SSL.MI,2022-04-10,2022-04-11,W,0,0.501,0,0.00018
SSL.MI,2022-04-16,2022-04-19,D,1,0.577,0,0.0063
SSL.MI,2022-04-24,2022-04-25,L,1,0.329,0,-0.01214
SSL.MI,2022-04-30,2022-05-02,W,0,0.575,0,0.03261
SSL.MI,2022-05-07,2022-05-09,W,1,0.656,0,-0.01481
SSL.MI,2022-05-16,2022-05-17,D,0,0.323,0,0.00252
SSL.MI,2022-05-21,2022-05-23,D,1,0.543,0,-0.00064
SSL.MI,2022-08-14,2022-08-16,W,1,0.611,0,0.00439
SSL.MI,2022-08-20,2022-08-22,D,0,0.413,0,-0.01322
SSL.MI,2022-08-26,2022-08-29,W,1,0.236,0,0.02421
SSL.MI,2022-08-31,2022-09-01,D,0,0.512,0,-0.00779
SSL.MI,2022-09-03,2022-09-05,L,1,0.328,0,-0.00153
SSL.MI,2022-09-11,2022-09-12,W,1,0.603,0,-0.01427
SSL.MI,2022-09-18,2022-09-19,W,0,0.528,0,-0.00057
SSL.MI,2022-10-02,2022-10-03,W,1,0.682,0,0.09123
SSL.MI,2022-10-10,2022-10-11,W,0,0.337,0,0.011
SSL.MI,2022-10-16,2022-10-17,D,1,0.434,0,0.00121
SSL.MI,2022-10-23,2022-10-24,W,0,0.238,0,0.02622
SSL.MI,2022-10-30,2022-10-31,L,1,0.639,0,-0.01097
SSL.MI,2022-11-06,2022-11-07,W,0,0.251,0,0.00295
SSL.MI,2022-11-10,2022-11-11,W,1,0.586,0,-0.00078
SSL.MI,2022-11-13,2022-11-14,L,0,0.238,0,-0.02068
SSL.MI,2023-01-04,2023-01-05,L,0,0.456,0,-0.005
SSL.MI,2023-01-08,2023-01-09,D,1,0.618,0,0.00802
SSL.MI,2023-01-15,2023-01-16,W,0,0.432,0,-0.0109
SSL.MI,2023-01-24,2023-01-25,W,1,0.297,0,0.01925
SSL.MI,2023-01-29,2023-01-30,D,1,0.454,0,-0.04789
SSL.MI,2023-02-06,2023-02-07,D,0,0.474,0,-0.01018
SSL.MI,2023-02-11,2023-02-13,L,1,0.401,0,-0.03815
SSL.MI,2023-02-19,2023-02-20,W,0,0.567,0,0.00553
SSL.MI,2023-02-27,2023-02-28,W,1,0.661,0,-0.01959
SSL.MI,2023-03-03,2023-03-06,W,0,0.18,0,0.0228
SSL.MI,2023-03-11,2023-03-13,D,0,0.394,0,0.00692
SSL.MI,2023-03-19,2023-03-20,W,1,0.343,0,-0.01747
SSL.MI,2023-04-02,2023-04-03,W,0,0.463,0,0.02306
SSL.MI,2023-04-08,2023-04-11,W,1,0.345,0,0.05101
SSL.MI,2023-04-14,2023-04-17,W,0,0.557,0,-0.00843
SSL.MI,2023-04-22,2023-04-24,L,1,0.52,0,-0.01766
SSL.MI,2023-04-30,2023-05-02,L,0,0.211,0,0.00265
SSL.MI,2023-05-03,2023-05-04,W,1,0.571,0,0.01013
SSL.MI,2023-05-06,2023-05-08,L,0,0.237,0,-0.01009
SSL.MI,2023-05-12,2023-05-15,D,1,0.557,0,-0.01341
SSL.MI,2023-05-21,2023-05-22,W,0,0.473,0,0.01956
SSL.MI,2023-05-28,2023-05-29,W,1,0.776,0,0.00479
SSL.MI,2023-06-03,2023-06-05,W,0,0.453,0,-0.01256
SSL.MI,2023-08-20,2023-08-21,L,0,0.451,0,-0.05058
SSL.MI,2023-08-27,2023-08-28,L,1,0.608,0,-0.01718
SSL.MI,2023-09-02,2023-09-04,W,0,0.173,0,-0.0003
SSL.MI,2023-09-16,2023-09-18,L,0,0.22,0,-0.00646
SSL.MI,2023-09-23,2023-09-25,D,1,0.526,0,-0.00314
SSL.MI,2023-09-27,2023-09-28,W,1,0.439,0,-0.00129
SSL.MI,2023-09-30,2023-10-02,L,0,0.189,0,-0.01185
SSL.MI,2023-10-08,2023-10-09,W,1,0.352,0,0.0026
SSL.MI,2023-10-21,2023-10-23,W,0,0.379,0,-0.00395
SSL.MI,2023-10-30,2023-10-31,W,1,0.419,0,0.00633
SSL.MI,2023-11-03,2023-11-06,L,0,0.344,0,-0.01144
SSL.MI,2023-11-12,2023-11-13,D,1,0.318,0,-0.00298
SSL.MI,2023-11-25,2023-11-27,L,0,0.545,0,-0.00681
SSL.MI,2023-12-02,2023-12-04,W,1,0.584,0,-0.00965
SSL.MI,2023-12-09,2023-12-11,D,0,0.491,0,-0.00522
SSL.MI,2023-12-17,2023-12-18,L,1,0.2,0,0.01047
SSL.MI,2023-12-22,2023-12-27,W,0,0.496,0,-0.00819
SSL.MI,2023-12-29,2024-01-02,W,1,0.569,0,0.00374
SSL.MI,2024-01-07,2024-01-08,W,0,0.432,0,-0.00608
SSL.MI,2024-01-14,2024-01-15,W,1,0.573,0,-0.01192
SSL.MI,2024-01-28,2024-01-29,D,1,0.423,0,0.00304
SSL.MI,2024-02-04,2024-02-05,L,0,0.254,0,-0.05338
SSL.MI,2024-02-10,2024-02-12,W,0,0.441,0,-0.01028
SSL.MI,2024-02-18,2024-02-19,L,1,0.413,0,-0.02667
SSL.MI,2024-02-22,2024-02-23,W,0,0.288,0,-0.00224
SSL.MI,2024-02-26,2024-02-27,L,0,0.271,0,-0.03013
SSL.MI,2024-03-01,2024-03-04,L,1,0.271,0,0.02076
SSL.MI,2024-03-11,2024-03-12,L,1,0.494,0,0.00345
SSL.MI,2024-03-16,2024-03-18,W,0,0.445,0,0.01473
SSL.MI,2024-03-30,2024-04-02,W,1,0.306,0,0.00492
SSL.MI,2024-04-06,2024-04-08,L,0,0.263,0,-0.01103
SSL.MI,2024-04-12,2024-04-15,W,1,0.711,0,-0.00764
SSL.MI,2024-04-19,2024-04-22,W,0,0.388,0,0.02902
SSL.MI,2024-04-27,2024-04-29,W,1,0.59,0,0.00548
SSL.MI,2024-05-04,2024-05-06,D,0,0.523,0,-0.00814
SSL.MI,2024-05-12,2024-05-13,W,1,0.6,0,0.014
SSL.MI,2024-05-19,2024-05-20,D,0,0.187,0,-0.0522
SSL.MI,2024-05-26,2024-05-27,D,1,0.694,0,0.00714
SSL.MI,2024-08-18,2024-08-19,W,1,0.642,0,0.02055
SSL.MI,2024-08-24,2024-08-26,L,0,0.405,0,-8e-05
SSL.MI,2024-08-31,2024-09-02,D,1,0.327,0,-0.00275
SSL.MI,2024-09-16,2024-09-17,W,1,0.59,0,-0.00415
SSL.MI,2024-09-22,2024-09-23,L,0,0.297,0,-0.00257
SSL.MI,2024-09-29,2024-09-30,W,0,0.37,0,0.00549
SSL.MI,2024-10-06,2024-10-07,W,1,0.605,0,0.02199
SSL.MI,2024-10-19,2024-10-21,L,0,0.25,0,-0.01409
SSL.MI,2024-10-27,2024-10-28,W,1,0.621,0,0.00854
SSL.MI,2024-10-31,2024-11-01,W,0,0.386,0,0.04242
SSL.MI,2024-11-04,2024-11-05,W,1,0.625,0,-0.01636
SSL.MI,2024-11-10,2024-11-11,W,0,0.519,0,-0.0155
SSL.MI,2024-11-24,2024-11-25,W,1,0.501,0,0.00627
SSL.MI,2024-12-01,2024-12-02,L,0,0.526,0,-0.06032
SSL.MI,2024-12-08,2024-12-09,W,0,0.22,0,0.03415
SSL.MI,2024-12-16,2024-12-17,L,1,0.265,0,-0.02552
SSL.MI,2024-12-21,2024-12-23,W,0,0.547,0,-0.00962
SSL.MI,2024-12-28,2024-12-30,D,1,0.317,0,-0.00998
SSL.MI,2025-01-05,2025-01-06,L,0,0.318,0,-0.02757
SSL.MI,2025-01-10,2025-01-13,D,1,0.497,0,-0.00835
SSL.MI,2025-01-19,2025-01-20,W,0,0.541,0,0.0101
SSL.MI,2025-01-26,2025-01-27,L,1,0.477,0,-0.03945
SSL.MI,2025-02-03,2025-02-04,W,0,0.476,0,-0.02179
SSL.MI,2025-02-09,2025-02-10,W,1,0.688,0,-0.0156
SSL.MI,2025-02-15,2025-02-17,D,1,0.362,0,-0.01251
SSL.MI,2025-02-22,2025-02-24,D,0,0.571,0,0.01207
SSL.MI,2025-03-02,2025-03-03,W,0,0.272,0,0.00839
SSL.MI,2025-03-10,2025-03-11,D,1,0.548,0,-0.01468
SSL.MI,2025-03-16,2025-03-17,L,0,0.294,0,-0.01916
SSL.MI,2025-03-31,2025-04-01,D,1,0.537,0,-0.02222
SSL.MI,2025-04-06,2025-04-07,W,0,0.19,0,0.0265
SSL.MI,2025-04-13,2025-04-14,D,1,0.34,0,-0.01296
SSL.MI,2025-04-23,2025-04-24,W,0,0.414,0,0.04474
SSL.MI,2025-04-28,2025-04-29,D,1,0.623,0,-0.03638
SSL.MI,2025-05-04,2025-05-05,W,0,0.518,0,-0.01009
SSL.MI,2025-05-10,2025-05-12,D,1,0.387,0,-0.01251
SSL.MI,2025-05-18,2025-05-19,D,0,0.19,0,0.01651
SSL.MI,2025-05-25,2025-05-26,L,1,0.618,0,-0.02647
SSL.MI,2025-08-24,2025-08-25,L,0,0.315,0,0.06634
SSL.MI,2025-08-31,2025-09-01,W,1,0.644,0,0.0228
SSL.MI,2025-09-14,2025-09-15,L,0,0.464,0,-0.02065
SSL.MI,2025-09-21,2025-09-22,L,1,0.337,0,-0.02405
SSL.MI,2025-09-29,2025-09-30,W,0,0.366,0,0.00099
SSL.MI,2025-10-04,2025-10-06,D,1,0.557,0,0.01443
SSL.MI,2025-10-19,2025-10-20,D,0,0.212,0,0.00643
SSL.MI,2025-10-26,2025-10-27,W,1,0.296,0,0.04053
SSL.MI,2025-10-30,2025-10-31,D,0,0.452,0,0.00931
SSL.MI,2025-11-03,2025-11-04,W,1,0.617,0,0.01373
SSL.MI,2025-11-09,2025-11-10,L,0,0.118,0,0.01463
SSL.MI,2025-11-23,2025-11-24,W,1,0.589,0,-0.0078
SSL.MI,2025-11-29,2025-12-01,L,0,0.165,0,8e-05
SSL.MI,2025-12-07,2025-12-08,D,1,0.366,0,-0.02245
SSL.MI,2025-12-13,2025-12-15,W,0,0.451,0,-0.00282
SSL.MI,2025-12-20,2025-12-22,D,1,0.585,0,-0.03566
SSL.MI,2025-12-27,2025-12-29,D,0,0.384,0,-0.0037
SSL.MI,2026-01-04,2026-01-05,L,1,0.28,0,-0.0106
SSL.MI,2026-01-07,2026-01-08,D,1,0.396,0,-0.00497
SSL.MI,2026-01-11,2026-01-12,W,0,0.404,0,-0.00037
SSL.MI,2026-01-19,2026-01-20,L,1,0.353,0,-0.04462
SSL.MI,2026-01-24,2026-01-26,D,0,0.449,0,0.00383
SSL.MI,2026-01-30,2026-02-02,W,1,0.432,0,-0.00695
SSL.MI,2026-02-08,2026-02-09,D,0,0.127,0,0.03406
SSL.MI,2026-02-14,2026-02-16,L,1,0.27,0,-0.03571
SSL.MI,2026-02-21,2026-02-23,D,0,0.404,0,0.02473
SSL.MI,2026-03-01,2026-03-02,L,0,0.352,0,-0.08292
SSL.MI,2026-03-09,2026-03-10,W,1,0.439,0,0.02544
SSL.MI,2026-03-15,2026-03-16,W,1,0.23,0,-0.00045
SSL.MI,2026-03-22,2026-03-23,W,0,0.279,0,0.02332
SSL.MI,2026-04-04,2026-04-07,D,1,0.529,0,0.00472
SSL.MI,2026-04-13,2026-04-14,L,0,0.28,0,0.07707
SSL.MI,2026-04-18,2026-04-20,W,0,0.136,0,-0.00141
SSL.MI,2026-04-27,2026-04-28,D,1,0.487,0,0.00554
SSL.MI,2026-05-04,2026-05-05,W,0,0.38,0,0.00291
SSL.MI,2026-05-09,2026-05-11,L,1,0.212,0,-0.01994
SSL.MI,2026-05-17,2026-05-18,L,0,0.161,0,0.04568
SSL.MI,2026-05-23,2026-05-25,W,1,0.614,0,0.01684
TSPOR.IS,2021-08-23,2021-08-24,W,1,0.516,0,-0.03472
TSPOR.IS,2021-08-29,2021-08-31,W,0,0.57,0,-0.03849
TSPOR.IS,2021-09-12,2021-09-13,D,1,0.42,1,-0.01999
TSPOR.IS,2021-09-18,2021-09-20,W,0,0.5,0,0.02211
TSPOR.IS,2021-09-23,2021-09-24,D,0,0.467,0,0.06669
TSPOR.IS,2021-09-27,2021-09-28,D,1,0.597,0,-0.06447
TSPOR.IS,2021-10-02,2021-10-04,W,0,0.505,0,-0.03321
TSPOR.IS,2021-10-17,2021-10-18,W,1,0.417,1,0.07948
TSPOR.IS,2021-10-23,2021-10-25,W,0,0.493,0,0.09429
TSPOR.IS,2021-10-29,2021-11-01,W,1,0.704,0,0.09429
TSPOR.IS,2021-11-06,2021-11-08,W,0,0.334,1,0.09049
TSPOR.IS,2021-11-22,2021-11-23,W,1,0.618,0,-0.04048
TSPOR.IS,2021-11-28,2021-11-29,W,0,0.444,0,0.00202
TSPOR.IS,2021-12-04,2021-12-06,W,1,0.522,0,-0.03599
TSPOR.IS,2021-12-11,2021-12-13,L,0,0.451,0,-0.04299
TSPOR.IS,2021-12-18,2021-12-20,W,1,0.535,0,0.04426
TSPOR.IS,2021-12-21,2021-12-22,W,0,0.445,0,0.03251
TSPOR.IS,2021-12-25,2021-12-27,D,1,0.443,0,-0.0277
TSPOR.IS,2022-01-07,2022-01-10,W,1,0.693,0,-0.03217
TSPOR.IS,2022-01-15,2022-01-17,D,0,0.392,0,-0.01553
TSPOR.IS,2022-01-19,2022-01-20,D,1,0.585,0,-0.03676
TSPOR.IS,2022-01-23,2022-01-24,W,0,0.329,1,0.00893
TSPOR.IS,2022-02-05,2022-02-07,W,1,0.521,0,-0.02269
TSPOR.IS,2022-02-13,2022-02-14,W,1,0.482,0,-0.03714
TSPOR.IS,2022-02-20,2022-02-21,W,0,0.399,0,0.00901
TSPOR.IS,2022-02-25,2022-02-28,W,1,0.618,0,-0.03874
TSPOR.IS,2022-03-06,2022-03-07,D,0,0.306,1,-0.02756
TSPOR.IS,2022-03-12,2022-03-14,W,1,0.577,0,0.08914
TSPOR.IS,2022-03-18,2022-03-21,L,0,0.547,0,-0.04988
TSPOR.IS,2022-04-03,2022-04-04,D,1,0.448,1,-0.04033
TSPOR.IS,2022-04-09,2022-04-11,D,0,0.43,0,-0.02266
TSPOR.IS,2022-04-15,2022-04-18,D,1,0.643,0,-0.03215
TSPOR.IS,2022-04-23,2022-04-25,W,0,0.321,0,0.03158
TSPOR.IS,2022-04-30,2022-05-05,D,1,0.525,0,-0.08654
TSPOR.IS,2022-05-06,2022-05-09,D,0,0.363,0,-0.03902
TSPOR.IS,2022-05-15,2022-05-16,W,1,0.669,0,0.02863
TSPOR.IS,2022-05-22,2022-05-23,L,0,0.217,0,0.00062
TSPOR.IS,2022-08-05,2022-08-08,W,0,0.564,0,0.04028
TSPOR.IS,2022-08-12,2022-08-15,W,1,0.639,0,0.10177
TSPOR.IS,2022-08-20,2022-08-22,L,0,0.328,0,-0.03844
TSPOR.IS,2022-08-28,2022-08-29,D,1,0.401,1,-0.04868
TSPOR.IS,2022-09-02,2022-09-05,W,0,0.486,0,-0.06003
TSPOR.IS,2022-09-12,2022-09-13,L,0,0.313,0,-0.05737
TSPOR.IS,2022-09-18,2022-09-19,W,1,0.567,0,-0.00494
TSPOR.IS,2022-10-01,2022-10-03,W,0,0.454,0,-0.01156
TSPOR.IS,2022-10-10,2022-10-11,D,1,0.669,0,-0.01109
TSPOR.IS,2022-10-16,2022-10-17,D,0,0.278,1,-0.0307
TSPOR.IS,2022-10-22,2022-10-24,W,1,0.582,0,0.01181
TSPOR.IS,2022-11-06,2022-11-07,D,1,0.504,0,-0.04446
TSPOR.IS,2022-11-11,2022-11-14,D,0,0.405,0,-0.02228
TSPOR.IS,2022-12-24,2022-12-26,W,1,0.344,1,0.09428
TSPOR.IS,2022-12-28,2022-12-29,L,0,0.478,0,-0.0471
TSPOR.IS,2023-01-05,2023-01-06,W,1,0.638,0,-0.00446
TSPOR.IS,2023-01-09,2023-01-10,L,0,0.423,0,-0.05711
TSPOR.IS,2023-01-14,2023-01-16,W,1,0.447,0,0.00224
TSPOR.IS,2023-01-22,2023-01-23,W,1,0.7,0,0.01261
TSPOR.IS,2023-01-28,2023-01-30,L,0,0.522,0,-0.02567
TSPOR.IS,2023-02-01,2023-02-02,W,1,0.574,0,-0.0372
TSPOR.IS,2023-02-05,2023-02-06,L,0,0.192,1,-0.02636
TSPOR.IS,2023-03-04,2023-03-06,L,1,0.65,0,-0.03417
TSPOR.IS,2023-03-12,2023-03-13,W,1,0.545,0,0.01283
TSPOR.IS,2023-03-19,2023-03-20,W,0,,0,0.00135
TSPOR.IS,2023-04-01,2023-04-03,L,1,0.622,0,-0.03598
TSPOR.IS,2023-04-08,2023-04-10,L,0,0.437,0,-0.02079
TSPOR.IS,2023-04-16,2023-04-17,D,1,0.324,1,-0.01224
TSPOR.IS,2023-04-20,2023-04-24,L,0,0.361,0,-0.00917
TSPOR.IS,2023-04-29,2023-05-02,L,0,0.341,0,-0.00489
TSPOR.IS,2023-05-08,2023-05-09,W,1,0.526,0,-0.03051
TSPOR.IS,2023-05-18,2023-05-22,L,0,0.173,1,-0.00918
TSPOR.IS,2023-05-22,2023-05-23,W,1,,0,0.04749
TSPOR.IS,2023-05-30,2023-05-31,W,0,0.341,0,-0.01352
TSPOR.IS,2023-06-03,2023-06-05,W,1,0.623,0,0.03947
TSPOR.IS,2023-06-06,2023-06-07,L,0,0.355,0,-0.03179
TSPOR.IS,2023-08-11,2023-08-14,W,1,0.501,0,-0.0176
TSPOR.IS,2023-08-19,2023-08-21,L,0,0.177,1,-0.00507
TSPOR.IS,2023-08-26,2023-08-28,L,1,0.619,0,-0.02876
TSPOR.IS,2023-09-01,2023-09-04,W,0,0.409,0,-0.0024
TSPOR.IS,2023-09-17,2023-09-18,W,1,0.298,1,0.02753
TSPOR.IS,2023-09-25,2023-09-26,L,0,0.423,0,-0.03647
TSPOR.IS,2023-09-30,2023-10-02,W,1,0.622,0,-0.01852
TSPOR.IS,2023-10-06,2023-10-09,L,0,0.259,0,-0.06791
TSPOR.IS,2023-10-23,2023-10-24,W,1,0.573,0,0.00387
TSPOR.IS,2023-10-29,2023-10-30,D,0,0.411,0,-0.0271
TSPOR.IS,2023-11-04,2023-11-06,W,0,0.109,1,0.06205
TSPOR.IS,2023-11-10,2023-11-13,W,1,0.565,0,-0.00911
TSPOR.IS,2023-11-27,2023-11-28,D,0,0.453,0,-0.01923
TSPOR.IS,2023-12-03,2023-12-04,L,1,0.536,0,-0.0388
TSPOR.IS,2023-12-10,2023-12-11,W,0,0.394,0,-0.01458
TSPOR.IS,2023-12-19,2023-12-20,W,0,0.613,0,-0.02272
TSPOR.IS,2023-12-23,2023-12-25,D,1,0.554,0,-0.08094
TSPOR.IS,2024-01-06,2024-01-08,W,0,0.436,0,0.08452
TSPOR.IS,2024-01-11,2024-01-12,W,1,0.557,0,-0.00664
TSPOR.IS,2024-01-14,2024-01-15,D,0,0.391,0,-0.0336
TSPOR.IS,2024-01-21,2024-01-22,L,1,0.252,1,-0.01601
TSPOR.IS,2024-01-25,2024-01-26,L,0,0.365,0,-0.05058
TSPOR.IS,2024-01-29,2024-01-30,L,1,0.569,0,-0.01864
TSPOR.IS,2024-02-04,2024-02-05,L,0,0.26,1,0.0371
TSPOR.IS,2024-02-12,2024-02-13,W,1,0.545,0,-0.03604
TSPOR.IS,2024-02-18,2024-02-19,W,0,0.431,0,-0.00691
TSPOR.IS,2024-02-25,2024-02-26,W,1,0.557,0,0.01433
TSPOR.IS,2024-03-04,2024-03-05,L,0,0.399,0,-0.02009
TSPOR.IS,2024-03-09,2024-03-11,W,1,0.541,0,-0.0218
TSPOR.IS,2024-03-17,2024-03-18,L,1,0.201,1,-0.05993
TSPOR.IS,2024-04-03,2024-04-04,W,0,0.451,0,0.02343
TSPOR.IS,2024-04-12,2024-04-15,L,1,0.654,0,-0.0094
TSPOR.IS,2024-04-20,2024-04-22,W,0,0.437,0,0.08414
TSPOR.IS,2024-04-28,2024-04-29,W,1,0.641,0,-0.02863
TSPOR.IS,2024-05-04,2024-05-06,L,0,0.361,0,-0.00386
TSPOR.IS,2024-05-12,2024-05-13,W,1,0.796,0,-0.01995
TSPOR.IS,2024-05-18,2024-05-20,W,0,0.362,0,0.04881
TSPOR.IS,2024-05-26,2024-05-27,W,1,0.324,0,-0.01708
TSPOR.IS,2024-08-11,2024-08-12,D,0,0.457,0,-0.03993
TSPOR.IS,2024-09-01,2024-09-02,D,0,0.314,0,-0.03909
TSPOR.IS,2024-09-15,2024-09-16,D,1,0.285,1,-0.05291
TSPOR.IS,2024-09-19,2024-09-20,D,1,0.57,0,-0.02105
TSPOR.IS,2024-09-23,2024-09-24,D,0,0.438,0,-0.04515
TSPOR.IS,2024-09-29,2024-09-30,W,1,0.507,0,-0.04493
TSPOR.IS,2024-10-05,2024-10-07,D,0,0.461,0,-0.01452
TSPOR.IS,2024-10-19,2024-10-21,W,1,0.47,0,-0.03905
TSPOR.IS,2024-10-26,2024-10-28,L,0,0.314,0,-0.02313
TSPOR.IS,2024-11-03,2024-11-04,L,1,0.207,1,0.00549
TSPOR.IS,2024-11-09,2024-11-11,L,0,0.376,0,-0.02701
TSPOR.IS,2024-11-25,2024-11-26,W,1,0.635,0,-0.01874
TSPOR.IS,2024-11-30,2024-12-02,L,0,0.335,0,-0.0121
TSPOR.IS,2024-12-06,2024-12-09,D,1,0.506,0,-0.04167
TSPOR.IS,2024-12-16,2024-12-17,L,0,0.142,1,-0.00031
TSPOR.IS,2024-12-22,2024-12-23,W,1,0.592,0,0.00685
TSPOR.IS,2025-01-04,2025-01-06,L,0,0.291,0,-0.04142
TSPOR.IS,2025-01-12,2025-01-13,W,1,0.599,0,-0.00579
TSPOR.IS,2025-01-20,2025-01-21,W,1,0.626,0,0.01102
TSPOR.IS,2025-02-01,2025-02-03,D,0,0.497,0,-0.01208
TSPOR.IS,2025-02-10,2025-02-11,W,1,0.533,0,0.01761
TSPOR.IS,2025-02-15,2025-02-17,L,0,0.223,1,0.00315
TSPOR.IS,2025-02-23,2025-02-24,W,1,0.55,0,0.00233
TSPOR.IS,2025-03-03,2025-03-04,L,0,0.358,0,-0.02924
TSPOR.IS,2025-03-08,2025-03-10,L,1,0.679,0,0.0056
TSPOR.IS,2025-03-15,2025-03-17,W,0,0.286,0,0.0091
TSPOR.IS,2025-03-29,2025-04-02,D,1,0.45,0,0.06938
TSPOR.IS,2025-04-06,2025-04-07,L,0,0.144,1,-0.011
TSPOR.IS,2025-04-13,2025-04-14,W,1,0.529,0,-0.03323
TSPOR.IS,2025-04-19,2025-04-21,W,0,0.771,0,-0.02198
TSPOR.IS,2025-04-27,2025-04-28,W,1,0.533,0,-0.01309
TSPOR.IS,2025-05-05,2025-05-06,D,0,0.383,0,0.01036
TSPOR.IS,2025-05-10,2025-05-12,L,1,0.259,1,-0.01201
TSPOR.IS,2025-05-18,2025-05-20,D,0,0.253,0,-0.02354
TSPOR.IS,2025-05-25,2025-05-26,D,1,0.409,0,-0.03624
TSPOR.IS,2025-05-30,2025-06-02,W,0,0.383,0,-0.02538
TSPOR.IS,2025-08-11,2025-08-12,W,1,0.583,0,-0.00325
TSPOR.IS,2025-08-18,2025-08-19,W,0,0.391,0,0.01482
TSPOR.IS,2025-08-24,2025-08-25,W,1,0.565,0,0.01048
TSPOR.IS,2025-08-31,2025-09-01,D,1,0.545,0,-0.03838
TSPOR.IS,2025-09-14,2025-09-15,L,0,0.124,1,0.00426
TSPOR.IS,2025-09-20,2025-09-22,D,1,0.573,0,-0.03182
TSPOR.IS,2025-09-27,2025-09-29,W,0,0.487,0,-0.01767
TSPOR.IS,2025-10-03,2025-10-06,W,1,0.653,0,0.01594
TSPOR.IS,2025-10-18,2025-10-20,W,0,0.383,0,0.00058
TSPOR.IS,2025-10-25,2025-10-27,W,1,0.608,0,-0.01614
TSPOR.IS,2025-11-01,2025-11-03,D,0,0.153,1,0.02696
TSPOR.IS,2025-11-08,2025-11-10,D,1,0.573,0,-0.02873
TSPOR.IS,2025-11-24,2025-11-25,W,0,0.362,0,0.01031
TSPOR.IS,2025-11-29,2025-12-01,W,1,0.573,0,0.03004
TSPOR.IS,2025-12-07,2025-12-08,W,0,0.339,0,0.01582
TSPOR.IS,2025-12-14,2025-12-15,D,1,0.369,1,-0.03228
TSPOR.IS,2025-12-22,2025-12-23,L,0,0.475,0,-0.03309
TSPOR.IS,2026-01-18,2026-01-19,W,0,0.352,0,-0.00339
TSPOR.IS,2026-01-23,2026-01-26,W,1,0.612,0,-0.00836
TSPOR.IS,2026-01-30,2026-02-02,D,0,0.524,0,0.00129
TSPOR.IS,2026-02-07,2026-02-09,W,0,0.339,0,0.01445
TSPOR.IS,2026-02-14,2026-02-16,L,1,0.275,1,0.00254
TSPOR.IS,2026-02-22,2026-02-23,W,0,0.485,0,0.00442
TSPOR.IS,2026-02-27,2026-03-02,W,1,0.653,0,-0.032
TSPOR.IS,2026-03-09,2026-03-10,W,0,0.471,0,0.075
TSPOR.IS,2026-03-14,2026-03-16,W,1,0.557,0,0.00706
TSPOR.IS,2026-03-18,2026-03-19,W,0,0.571,0,-0.00666
TSPOR.IS,2026-04-04,2026-04-06,W,1,0.293,1,0.00244
TSPOR.IS,2026-04-11,2026-04-13,D,0,0.411,0,-0.01919
TSPOR.IS,2026-04-19,2026-04-20,D,1,0.497,0,-0.00484
TSPOR.IS,2026-04-27,2026-04-28,L,0,0.43,0,-0.02656
TSPOR.IS,2026-05-02,2026-05-04,D,1,0.53,0,-0.01649
TSPOR.IS,2026-05-09,2026-05-11,W,0,0.299,1,0.0176
TSPOR.IS,2026-05-17,2026-05-18,L,1,0.288,0,0.00528
TSPOR.IS,2026-08-15,2026-08-17,D,0,0.53,0,-0.00749
